callout_group,lineage
Other,GL.1
Other,GL.2
Other,GL.3
XBB,GM.1
XBB,GM.2
XBB,GM.3
XBB,GM.3.1
XBB.1.5,GN.1
XBB.1.5,GN.1.1
XBB.1.5,GN.1.2
XBB.1.5,GN.1.3
XBB.1.5,GN.1.4
XBB.1.5,GN.2
XBB.1.5,GN.3
XBB.1.5,GN.4
XBB.1.5,GN.5
BA.2,GP.1
BA.2,GP.2
BA.2,GP.3
BA.2,GQ.1
BA.2,GQ.1.1
XBB.1.5,GR.1
XBB,GS.1
XBB,GS.2
XBB,GS.3
XBB,GS.4
XBB,GS.4.1
XBB,GS.4.1.1
XBB,GS.5
XBB,GS.6
XBB,GS.7
XBB,GS.7.1
XBB,GS.8
Other,GT.1
XBB.1.5,GU.1
XBB.1.5,GV.1
XBB,GW.1
XBB,GW.1.1
XBB,GW.2
XBB,GW.3
XBB,GW.4
XBB,GW.5
XBB,GW.5.1
XBB,GW.5.1.1
XBB,GW.5.2
XBB,GW.5.3
XBB,GW.5.3.1
XBB.1.16,GY.1
XBB.1.16,GY.1.1
XBB.1.16,GY.1.1.1
XBB.1.16,GY.2
XBB.1.16,GY.2.1
XBB.1.16,GY.3
XBB.1.16,GY.4
XBB.1.16,GY.5
XBB.1.16,GY.6
XBB.1.16,GY.7
XBB.1.16,GY.8
XBB.1.16,GY.9
XBB,GZ.1
XBB.1.5,HA.1
XBB.1.5,HA.2
Other,HB.1
XBB.1.5,HC.1
XBB.1.5,HC.2
XBB.1.5,HC.3
XBB.1.5,HC.4
XBB.1.5,HD.1
XBB.1.5,HD.1.1
XBB,HE.1
XBB,HE.2
XBB.1.16,HF.1
XBB.1.16,HF.1.1
XBB.1.16,HF.1.2
XBB,HG.1
XBB,HG.1.1
XBB,HG.2
XBB,HG.3
XBB,HH.1
XBB,HH.1.1
XBB,HH.2
XBB,HH.2.1
XBB,HH.3
XBB,HH.4
XBB,HH.5
XBB,HH.6
XBB,HH.7
XBB,HH.8
XBB,HH.8.1
XBB.1.5,HJ.1
XBB.1.9,HK.1
XBB.1.9,HK.1.2
XBB.1.9,HK.11
XBB.1.9,HK.11.1
XBB.1.9,HK.12
XBB.1.9,HK.13
XBB.1.9,HK.13.1
XBB.1.9,HK.13.2
XBB.1.9,HK.13.2.1
XBB.1.9,HK.14
XBB.1.9,HK.15
XBB.1.9,HK.16
XBB.1.9,HK.17
XBB.1.9,HK.18
XBB.1.9,HK.19
XBB.1.9,HK.2
XBB.1.9,HK.2.1
XBB.1.9,HK.20
XBB.1.9,HK.20.1
XBB.1.9,HK.21
XBB.1.9,HK.22
XBB.1.9,HK.23
XBB.1.9,HK.23.1
XBB.1.9,HK.23.1.1
XBB.1.9,HK.24
XBB.1.9,HK.24.1
XBB.1.9,HK.25
XBB.1.9,HK.26
XBB.1.9,HK.26.1
XBB.1.9,HK.27
XBB.1.9,HK.27.1
XBB.1.9,HK.27.1.1
XBB.1.9,HK.28
XBB.1.9,HK.29
XBB.1.9,HK.3
XBB.1.9,HK.3.1
XBB.1.9,HK.3.10
XBB.1.9,HK.3.11
XBB.1.9,HK.3.12
XBB.1.9,HK.3.13
XBB.1.9,HK.3.14
XBB.1.9,HK.3.2
XBB.1.9,HK.3.2.1
XBB.1.9,HK.3.2.2
XBB.1.9,HK.3.3
XBB.1.9,HK.3.4
XBB.1.9,HK.3.5
XBB.1.9,HK.3.6
XBB.1.9,HK.3.7
XBB.1.9,HK.3.8
XBB.1.9,HK.3.9
XBB.1.9,HK.30
XBB.1.9,HK.31
XBB.1.9,HK.32
XBB.1.9,HK.33
XBB.1.9,HK.34
XBB.1.9,HK.34.1
XBB.1.9,HK.4
XBB.1.9,HK.5
XBB.1.9,HK.6
XBB.1.9,HK.7
XBB.1.9,HK.8
XBB.1.9,HK.8.1
XBB.1.9,HK.9
XBB,HL.1
XBB,HL.2
XB.1.5,HM.1
XBB.1.9,HN.1
XBB.1.9,HN.2
XBB.1.9,HN.2.1
XBB.1.9,HN.3
XBB.1.9,HN.3.1
XBB.1.9,HN.4
XBB.1.9,HN.4.1
XBB.1.9,HN.4.1.1
XBB.1.9,HN.4.2
XBB.1.9,HN.5
XBB.1.9,HN.6
XBB.1.9,HN.7
XBB.1.9,HN.8
XBB.1.5,HP.1
XBB.1.5,HP.1.1
XBB.1.5,HQ.1
XBB.1.5,HR.1
XBB.1.5,HR.1.1
XBB.1.5,HS.1
XBB.1.5,HS.1.1
XBB.1.5,HT.1
XBB.1.5,HT.2
XBB,HU.1
XBB,HU.1.1
XBB,HU.2
HV.1,HV.1
HV.1,HV.1.1
HV.1,HV.1.10
HV.1,HV.1.11
HV.1,HV.1.2
HV.1,HV.1.3
HV.1,HV.1.4
HV.1,HV.1.5
HV.1,HV.1.6
HV.1,HV.1.6.1
HV.1,HV.1.7
HV.1,HV.1.8
HV.1,HV.1.9
XBB.1.9,HV.2
Other,HW.1
Other,HW.1.1
Other,HW.1.2
Other,HW.1.3
XBB.1.5,HY.1
XBB.1.5,HZ.1
XBB.1.5,HZ.2
XBB.1.5,HZ.3
XBB,JA.1
XB.1.5,JB.1
XB.1.5,JB.1.1
XB.1.5,JB.2
XB.1.5,JB.2.1
XBB,JC.1
XBB,JC.2
XBB,JC.3
XBB,JC.4
XBB,JC.5
XBB,JC.5.1
XBB,JC.6
XBB.1.5,JD.1
XBB.1.5,JD.1.1
XBB.1.5,JD.1.1.1
XBB.1.5,JD.1.1.2
XBB.1.5,JD.1.1.3
XBB.1.5,JD.1.1.4
XBB.1.5,JD.1.1.5
XBB.1.5,JD.1.1.6
XBB.1.5,JD.1.1.7
XBB.1.5,JD.1.1.8
XBB.1.5,JD.1.2
XBB.1.5,JD.1.2.1
XBB.1.5,JD.1.2.2
XBB.1.5,JD.2
XBB.1.5,JD.2.1
XBB,JE.1
XBB,JE.1.1
XBB,JE.1.1.1
XBB.1.16,JF.1
XBB.1.16,JF.1.1
XBB.1.16,JF.1.1.1
XBB.1.16,JF.1.1.2
XBB.1.16,JF.2
XBB.1.16,JF.3
XBB.1.16,JF.4
XBB.1.9,JG.1
XBB.1.9,JG.2
XBB.1.9,JG.3
XBB.1.9,JG.3.1
XBB.1.9,JG.3.2
XBB.1.9,JG.3.3
XBB.1.9,JG.3.4
XBB.1.9,JG.4
BA.5,JH.1
BA.5,JH.2
XBB.1.9,JJ.1
XBB.1.5,JK.1
BA.2,JL.1
XBB.1.16,JM.1
XBB.1.16,JM.2
JN.1,JN.1
JN.1,JN.1.1
JN.1,JN.1.1.1
JN.1,JN.1.1.2
JN.1,JN.1.1.3
JN.1,JN.1.1.4
JN.1,JN.1.1.5
JN.1,JN.1.1.6
JN.1,JN.1.1.7
JN.1,JN.1.10
JN.1,JN.1.11
JN.1,JN.1.11.1
JN.1,JN.1.12
JN.1.13,JN.1.13
JN.1.13,JN.1.13.1
JN.1,JN.1.14
JN.1,JN.1.15
JN.1,JN.1.16
JN.1,JN.1.16.1
JN.1,JN.1.17
JN.1,JN.1.18
JN.1,JN.1.18.1
JN.1,JN.1.18.2
JN.1,JN.1.19
JN.1,JN.1.2
JN.1,JN.1.2.1
JN.1,JN.1.20
JN.1,JN.1.21
JN.1,JN.1.22
JN.1,JN.1.23
JN.1,JN.1.24
JN.1,JN.1.25
JN.1,JN.1.25.1
JN.1,JN.1.26
JN.1,JN.1.27
JN.1,JN.1.28
JN.1,JN.1.28.1
JN.1,JN.1.29
JN.1,JN.1.3
JN.1,JN.1.30
JN.1,JN.1.30.1
JN.1,JN.1.31
JN.1,JN.1.32
JN.1,JN.1.33
JN.1,JN.1.34
JN.1,JN.1.35
JN.1,JN.1.36
JN.1,JN.1.36.1
JN.1,JN.1.37
JN.1,JN.1.38
JN.1,JN.1.39
JN.1,JN.1.4
JN.1,JN.1.4.1
JN.1,JN.1.4.2
JN.1,JN.1.4.3
JN.1,JN.1.4.4
JN.1,JN.1.4.5
JN.1,JN.1.4.6
JN.1,JN.1.4.7
JN.1,JN.1.40
JN.1,JN.1.41
JN.1,JN.1.42
JN.1,JN.1.42.1
JN.1,JN.1.43
JN.1,JN.1.43.1
JN.1,JN.1.44
JN.1,JN.1.45
JN.1,JN.1.46
JN.1,JN.1.5
JN.1,JN.1.6
JN.1,JN.1.6.1
JN.1,JN.1.7
JN.1,JN.1.7.1
JN.1,JN.1.7.2
JN.1,JN.1.7.3
JN.1,JN.1.8
JN.1,JN.1.8.1
JN.1,JN.1.8.2
JN.1,JN.1.8.3
JN.1,JN.1.9
JN.1,JN.1.9.1
BA.2,JN.10
BA.2,JN.11
BA.2,JN.12
BA.2,JN.13
BA.2,JN.13.1
BA.2,JN.14
BA.2,JN.2
BA.2,JN.2.1
BA.2,JN.2.2
BA.2,JN.2.2.1
BA.2,JN.2.3
BA.2,JN.2.4
BA.2,JN.2.5
BA.2,JN.3
BA.2,JN.3.1
BA.2,JN.3.2
BA.2,JN.3.2.1
BA.2,JN.4
BA.2,JN.5
BA.2,JN.5.1
BA.2,JN.6
BA.2,JN.7
BA.2,JN.8
BA.2,JN.9
BA.2,JP.1
BA.2,JP.1.1
BA.2,JQ.1
BA.2,JQ.2
BA.2,JQ.2.1
XBB.1.9,JR.1
XBB.1.9,JR.1.1
XBB.1.9,JR.1.1.1
XBB,JS.1
XBB,JS.2
Other,JT.1
XBB,JU.1
BA.2,JV.1
BA.2,JV.2
XBB,JW.1
XBB,JW.1.1
XBB,JY.1
XBB,JY.1.1
XBB.1.5,JZ.1
Other,K.1
Other,K.2
Other,K.3
XBB.1.5,KA.1
XBB.1.9,KB.1
XBB.1.9,KB.2
XBB.1.9,KB.3
XBB.1.9,KB.4
Other,KC.1
Other,KC.1.1
Other,KD.1
Other,KD.2
Other,KD.3
Other,KD.4
Other,KE.1
Other,KE.2
Other,KE.3
Other,KF.1
Other,KF.2
BA.2,KG.1
BA.2,KG.2
Other,KH.1
Other,KJ.1
Other,KK.1
Other,KK.2
XBB.1.9,KL.1
XBB.1.9,KL.1.1
Other,KM.1
Other,KN.1
Other,KN.1.1
BA.2,KP.1
BA.2,KP.1.1
BA.2,KP.1.1.1
BA.2,KP.2
BA.2,KP.2.1
BA.2,KP.2.2
BA.2,KP.3
BA.2,KQ.1
BA.2,KR.1
BA.2,KS.1
XBB,KT.1
XBB,KT.1.1
XBB,KT.1.2
BA.2,KU.1
BA.2,KU.2
BA.2,KV.1
BA.2,KV.2
BA.2,KW.1
BA.2,KW.1.1
BA.2,KY.1
BA.2,KZ.1
BA.2,KZ.1.1
BA.2,KZ.1.1.1
Other,L.1
Other,L.2
Other,L.3
Other,L.4
Other,M.1
Other,M.2
Other,M.3
Other,N.1
Other,N.10
Other,N.2
Other,N.3
Other,N.4
Other,N.5
Other,N.6
Other,N.7
Other,N.8
Other,N.9
Other,P.1
Other,P.1.1
Other,P.1.10
Other,P.1.10.1
Other,P.1.10.2
Other,P.1.11
Other,P.1.12
Other,P.1.12.1
Other,P.1.13
Other,P.1.14
Other,P.1.15
Other,P.1.16
Other,P.1.17
Other,P.1.17.1
Other,P.1.2
Other,P.1.3
Other,P.1.4
Other,P.1.5
Other,P.1.6
Other,P.1.7
Other,P.1.7.1
Other,P.1.8
Other,P.1.9
Other,P.2
Other,P.3
Other,P.4
Other,P.5
Other,P.6
Other,P.7
B.1.1.7,Q.1
B.1.1.7,Q.2
B.1.1.7,Q.3
B.1.1.7,Q.4
B.1.1.7,Q.5
B.1.1.7,Q.6
B.1.1.7,Q.7
B.1.1.7,Q.8
Other,R.1
Other,R.2
Other,S.1
Other,U.1
Other,U.2
Other,U.3
Other,V.1
Other,V.2
Other,W.1
Other,W.2
Other,W.3
Other,W.4
Other,XA
Other,XAA
Other,XAB
Other,XAC
Other,XAD
Other,XAE
Other,XAF
Other,XAG
Other,XAH
Other,XAJ
Other,XAK
Other,XAL
Other,XAM
Other,XAN
Other,XAP
Other,XAQ
Other,XAR
Other,XAS
Other,XAT
Other,XAU
Other,XAV
Other,XAW
Other,XAY
Other,XAY.1
Other,XAY.1.1
Other,XAY.1.1.1
Other,XAY.1.1.2
Other,XAY.1.1.3
Other,XAY.1.2
Other,XAY.2
Other,XAY.2.1
Other,XAY.2.2
Other,XAY.2.3
Other,XAY.3
Other,XAZ
Other,XB
Other,XBA
XBB,XBB
XBB,XBB.1
XBB,XBB.1.1
XBB,XBB.1.10
XBB,XBB.1.11
XBB,XBB.1.11.1
XBB,XBB.1.12
XBB,XBB.1.12.1
XBB,XBB.1.13
XBB,XBB.1.13.1
XBB,XBB.1.14
XBB,XBB.1.14.1
XBB,XBB.1.15
XBB,XBB.1.15.1
XBB.1.16,XBB.1.16
XBB.1.16,XBB.1.16.1
XBB.1.16,XBB.1.16.10
XBB.1.16,XBB.1.16.11
XBB.1.16,XBB.1.16.12
XBB.1.16,XBB.1.16.13
XBB.1.16,XBB.1.16.14
XBB.1.16,XBB.1.16.15
XBB.1.16,XBB.1.16.16
XBB.1.16,XBB.1.16.17
XBB.1.16,XBB.1.16.18
XBB.1.16,XBB.1.16.19
XBB.1.16,XBB.1.16.2
XBB.1.16,XBB.1.16.20
XBB.1.16,XBB.1.16.21
XBB.1.16,XBB.1.16.22
XBB.1.16,XBB.1.16.23
XBB.1.16,XBB.1.16.24
XBB.1.16,XBB.1.16.25
XBB.1.16,XBB.1.16.26
XBB.1.16,XBB.1.16.27
XBB.1.16,XBB.1.16.28
XBB.1.16,XBB.1.16.29
XBB.1.16,XBB.1.16.3
XBB.1.16,XBB.1.16.30
XBB.1.16,XBB.1.16.31
XBB.1.16,XBB.1.16.32
XBB.1.16,XBB.1.16.4
XBB.1.16,XBB.1.16.5
XBB.1.16,XBB.1.16.6
XBB.1.16,XBB.1.16.7
XBB.1.16,XBB.1.16.8
XBB.1.16,XBB.1.16.9
XBB,XBB.1.17
XBB,XBB.1.17.1
XBB,XBB.1.17.2
XBB,XBB.1.18
XBB,XBB.1.18.1
XBB,XBB.1.19
XBB,XBB.1.19.1
XBB,XBB.1.19.2
XBB,XBB.1.2
XBB,XBB.1.20
XBB,XBB.1.21
XBB,XBB.1.22
XBB,XBB.1.22.1
XBB,XBB.1.22.2
XBB,XBB.1.22.3
XBB,XBB.1.23
XBB,XBB.1.24
XBB,XBB.1.24.1
XBB,XBB.1.24.2
XBB,XBB.1.24.3
XBB,XBB.1.25
XBB,XBB.1.26
XBB,XBB.1.27
XBB,XBB.1.28
XBB,XBB.1.28.1
XBB,XBB.1.29
XBB,XBB.1.3
XBB,XBB.1.30
XBB,XBB.1.31
XBB,XBB.1.31.1
XBB,XBB.1.31.2
XBB,XBB.1.32
XBB,XBB.1.32.1
XBB,XBB.1.33
XBB,XBB.1.34
XBB,XBB.1.34.1
XBB,XBB.1.34.2
XBB,XBB.1.35
XBB,XBB.1.36
XBB,XBB.1.37
XBB,XBB.1.37.1
XBB,XBB.1.38
XBB,XBB.1.38.1
XBB,XBB.1.39
XBB,XBB.1.4
XBB,XBB.1.4.1
XBB,XBB.1.4.2
XBB,XBB.1.40
XBB,XBB.1.41
XBB,XBB.1.41.1
XBB,XBB.1.41.2
XBB,XBB.1.41.3
XBB,XBB.1.42
XBB,XBB.1.42.1
XBB,XBB.1.42.2
XBB,XBB.1.43
XBB,XBB.1.43.1
XBB,XBB.1.44
XBB,XBB.1.44.1
XBB,XBB.1.45
XBB,XBB.1.45.1
XBB,XBB.1.46
XBB,XBB.1.47
XBB,XBB.1.47.1
XBB,XBB.1.48
XBB,XBB.1.49
XBB.1.5,XBB.1.5
XBB.1.5,XBB.1.5.1
XBB.1.5,XBB.1.5.10
XBB.1.5,XBB.1.5.100
XBB.1.5,XBB.1.5.101
XBB.1.5,XBB.1.5.102
XBB.1.5,XBB.1.5.103
XBB.1.5,XBB.1.5.104
XBB.1.5,XBB.1.5.105
XBB.1.5,XBB.1.5.106
XBB.1.5,XBB.1.5.107
XBB.1.5,XBB.1.5.108
XBB.1.5,XBB.1.5.109
XBB.1.5,XBB.1.5.11
XBB.1.5,XBB.1.5.110
XBB.1.5,XBB.1.5.12
XBB.1.5,XBB.1.5.13
XBB.1.5,XBB.1.5.14
XBB.1.5,XBB.1.5.15
XBB.1.5,XBB.1.5.16
XBB.1.5,XBB.1.5.17
XBB.1.5,XBB.1.5.18
XBB.1.5,XBB.1.5.19
XBB.1.5,XBB.1.5.2
XBB.1.5,XBB.1.5.20
XBB.1.5,XBB.1.5.21
XBB.1.5,XBB.1.5.22
XBB.1.5,XBB.1.5.23
XBB.1.5,XBB.1.5.24
XBB.1.5,XBB.1.5.25
XBB.1.5,XBB.1.5.26
XBB.1.5,XBB.1.5.27
XBB.1.5,XBB.1.5.28
XBB.1.5,XBB.1.5.29
XBB.1.5,XBB.1.5.3
XBB.1.5,XBB.1.5.30
XBB.1.5,XBB.1.5.31
XBB.1.5,XBB.1.5.32
XBB.1.5,XBB.1.5.33
XBB.1.5,XBB.1.5.34
XBB.1.5,XBB.1.5.35
XBB.1.5,XBB.1.5.36
XBB.1.5,XBB.1.5.37
XBB.1.5,XBB.1.5.38
XBB.1.5,XBB.1.5.39
XBB.1.5,XBB.1.5.4
XBB.1.5,XBB.1.5.40
XBB.1.5,XBB.1.5.41
XBB.1.5,XBB.1.5.42
XBB.1.5,XBB.1.5.43
XBB.1.5,XBB.1.5.44
XBB.1.5,XBB.1.5.45
XBB.1.5,XBB.1.5.46
XBB.1.5,XBB.1.5.47
XBB.1.5,XBB.1.5.48
XBB.1.5,XBB.1.5.49
XBB.1.5,XBB.1.5.5
XBB.1.5,XBB.1.5.50
XBB.1.5,XBB.1.5.51
XBB.1.5,XBB.1.5.52
XBB.1.5,XBB.1.5.53
XBB.1.5,XBB.1.5.54
XBB.1.5,XBB.1.5.55
XBB.1.5,XBB.1.5.56
XBB.1.5,XBB.1.5.57
XBB.1.5,XBB.1.5.58
XBB.1.5,XBB.1.5.59
XBB.1.5,XBB.1.5.6
XBB.1.5,XBB.1.5.60
XBB.1.5,XBB.1.5.61
XBB.1.5,XBB.1.5.62
XBB.1.5,XBB.1.5.63
XBB.1.5,XBB.1.5.64
XBB.1.5,XBB.1.5.65
XBB.1.5,XBB.1.5.66
XBB.1.5,XBB.1.5.67
XBB.1.5,XBB.1.5.68
XBB.1.5,XBB.1.5.69
XBB.1.5,XBB.1.5.7
XBB.1.5,XBB.1.5.70
XBB.1.5,XBB.1.5.71
XBB.1.5,XBB.1.5.72
XBB.1.5,XBB.1.5.73
XBB.1.5,XBB.1.5.74
XBB.1.5,XBB.1.5.75
XBB.1.5,XBB.1.5.76
XBB.1.5,XBB.1.5.77
XBB.1.5,XBB.1.5.78
XBB.1.5,XBB.1.5.79
XBB.1.5,XBB.1.5.8
XBB.1.5,XBB.1.5.80
XBB.1.5,XBB.1.5.81
XBB.1.5,XBB.1.5.82
XBB.1.5,XBB.1.5.83
XBB.1.5,XBB.1.5.84
XBB.1.5,XBB.1.5.85
XBB.1.5,XBB.1.5.86
XBB.1.5,XBB.1.5.87
XBB.1.5,XBB.1.5.88
XBB.1.5,XBB.1.5.89
XBB.1.5,XBB.1.5.9
XBB.1.5,XBB.1.5.90
XBB.1.5,XBB.1.5.91
XBB.1.5,XBB.1.5.92
XBB.1.5,XBB.1.5.93
XBB.1.5,XBB.1.5.94
XBB.1.5,XBB.1.5.95
XBB.1.5,XBB.1.5.96
XBB.1.5,XBB.1.5.97
XBB.1.5,XBB.1.5.98
XBB.1.5,XBB.1.5.99
XBB,XBB.1.6
XBB,XBB.1.7
XBB,XBB.1.8
XBB.1.9,XBB.1.9
XBB.1.9,XBB.1.9.1
XBB.1.9,XBB.1.9.2
XBB.1.9,XBB.1.9.3
XBB.1.9,XBB.1.9.4
XBB.1.9,XBB.1.9.5
XBB.1.9,XBB.1.9.6
XBB.1.9,XBB.1.9.7
XBB,XBB.2
XBB,XBB.2.1
XBB,XBB.2.10
XBB,XBB.2.11
XBB,XBB.2.11.1
XBB,XBB.2.12
XBB,XBB.2.2
XBB,XBB.2.3
XBB,XBB.2.3.1
XBB,XBB.2.3.10
XBB,XBB.2.3.11
XBB,XBB.2.3.12
XBB,XBB.2.3.13
XBB,XBB.2.3.14
XBB,XBB.2.3.15
XBB,XBB.2.3.16
XBB,XBB.2.3.17
XBB,XBB.2.3.18
XBB,XBB.2.3.19
XBB,XBB.2.3.2
XBB,XBB.2.3.20
XBB,XBB.2.3.21
XBB,XBB.2.3.22
XBB,XBB.2.3.3
XBB,XBB.2.3.4
XBB,XBB.2.3.5
XBB,XBB.2.3.6
XBB,XBB.2.3.7
XBB,XBB.2.3.8
XBB,XBB.2.3.9
XBB,XBB.2.4
XBB,XBB.2.5
XBB,XBB.2.6
XBB,XBB.2.6.1
XBB,XBB.2.6.2
XBB,XBB.2.6.3
XBB,XBB.2.7
XBB,XBB.2.7.1
XBB,XBB.2.8
XBB,XBB.2.9
XBB,XBB.3
XBB,XBB.3.1
XBB,XBB.3.2
XBB,XBB.3.3
XBB,XBB.3.4
XBB,XBB.3.5
XBB,XBB.4
XBB,XBB.4.1
XBB,XBB.5
XBB,XBB.6
XBB,XBB.6.1
XBB,XBB.7
XBB,XBB.8
XBB,XBB.8.1
XBB,XBB.8.2
XBB,XBB.9
Other,XBC
Other,XBC.1
Other,XBC.1.1
Other,XBC.1.1.1
Other,XBC.1.1.2
Other,XBC.1.2
Other,XBC.1.2.1
Other,XBC.1.3
Other,XBC.1.3.1
Other,XBC.1.4
Other,XBC.1.5
Other,XBC.1.6
Other,XBC.1.6.1
Other,XBC.1.6.2
Other,XBC.1.6.3
Other,XBC.1.6.4
Other,XBC.1.6.5
Other,XBC.1.6.6
Other,XBC.1.7
Other,XBC.1.7.1
Other,XBC.1.7.2
Other,XBC.2
Other,XBC.2.1
Other,XBD
Other,XBE
Other,XBF
Other,XBF.1
Other,XBF.1.1
Other,XBF.10
Other,XBF.2
Other,XBF.3
Other,XBF.4
Other,XBF.5
Other,XBF.6
Other,XBF.7
Other,XBF.7.1
Other,XBF.8
Other,XBF.8.1
Other,XBF.9
Other,XBG
Other,XBH
Other,XBJ
Other,XBJ.1
Other,XBJ.1.1
Other,XBJ.2
Other,XBJ.3
Other,XBJ.4
Other,XBK
Other,XBK.1
Other,XBL
Other,XBL.1
Other,XBL.2
Other,XBL.3
Other,XBL.3.1
Other,XBM
Other,XBN
Other,XBP
Other,XBQ
Other,XBR
Other,XBS
Other,XBT
Other,XBU
Other,XBV
Other,XBW
Other,XBY
Other,XBZ
Other,XC
Other,XCA
Other,XCB
Other,XCC
Other,XCD
Other,XCE
Other,XCF
Other,XCF.1
Other,XCF.2
Other,XCF.3
Other,XCG
Other,XCH
Other,XCH.1
Other,XCJ
Other,XCK
Other,XCL
Other,XCM
Other,XCN
Other,XCP
Other,XCQ
Other,XCR
Other,XCS
Other,XCT
Other,XCT.1
Other,XCU
Other,XCV
Other,XCW
Other,XCY
Other,XCZ
Other,XD
Other,XDA
Other,XDA.1
Other,XDB
Other,XDC
Other,XDD
Other,XDD.1
Other,XDD.1.1
Other,XDD.1.1.1
Other,XDD.2
Other,XDE
Other,XDF
Other,XDG
Other,XDH
Other,XDJ
Other,XDK
Other,XDK.1
Other,XDL
Other,XDM
Other,XDN
Other,XDP
Other,XDP.1
Other,XDQ
Other,XDQ.1
Other,XDR
Other,XDS
Other,XDT
Other,XDU
Other,XDV
Other,XDV.1
Other,XE
Other,XF
Other,XG
Other,XH
Other,XJ
Other,XK
Other,XL
Other,XM
Other,XN
Other,XP
Other,XQ
Other,XR
Other,XS
Other,XT
Other,XU
Other,XV
Other,XW
Other,XY
Other,XZ
Other,Y.1
Other,Z.1
Other,Other
BA.5,BF.7.19.1
BA.5,BF.7.2
BA.5,BF.7.20
BA.5,BF.7.21
BA.5,BF.7.22
BA.5,BF.7.23
BA.5,BF.7.24
BA.5,BF.7.26
BA.5,BF.7.27
BA.5,BF.7.3
BA.5,BF.7.4
BA.5,BF.7.4.1
BA.5,BF.7.4.2
BA.5,BF.7.4.3
BA.5,BF.7.5
BA.5,BF.7.5.1
BA.5,BF.7.6
BA.5,BF.7.7
BA.5,BF.7.8
BA.5,BF.7.9
BA.5,BF.8
BA.5,BF.9
BA.2,BG.1
BA.2,BG.2
BA.2,BG.3
BA.2,BG.4
BA.2,BG.5
BA.2,BG.6
BA.2,BG.7
BA.2,BH.1
BA.2,BJ.1
BA.5,BK.1
BA.2,BL.1
BA.2,BL.1.1
BA.2,BL.1.2
BA.2,BL.1.3
BA.2,BL.1.4
BA.2,BL.1.5
BA.2,BL.2
BA.2,BL.2.1
BA.2,BL.3
BA.2,BL.4
BA.2,BL.5
BA.2,BL.6
BA.2,BM.1
BA.2,BM.1.1
BA.2,BM.1.1.1
BA.2,BM.1.1.2
BA.2,BM.1.1.3
BA.2,BM.1.1.4
BA.2,BM.1.1.5
BA.2,BM.2
BA.2,BM.2.1
BA.2,BM.2.2
BA.2,BM.2.3
BA.2,BM.3
BA.2,BM.4
BA.2,BM.4.1
BA.2,BM.4.1.1
BA.2,BM.5
BA.2,BM.6
BA.2,BN.1
BA.2,BN.1.1
BA.2,BN.1.1.1
BA.2,BN.1.10
BA.2,BN.1.11
BA.2,BN.1.2
BA.2,BN.1.2.1
BA.2,BN.1.2.2
BA.2,BN.1.2.3
BA.2,BN.1.2.4
BA.2,BN.1.2.5
BA.2,BN.1.2.6
BA.2,BN.1.2.7
BA.2,BN.1.2.8
BA.2,BN.1.3
BA.2,BN.1.3.1
BA.2,BN.1.3.10
BA.2,BN.1.3.11
BA.2,BN.1.3.12
BA.2,BN.1.3.13
BA.2,BN.1.3.2
BA.2,BN.1.3.3
BA.2,BN.1.3.4
BA.2,BN.1.3.5
BA.2,BN.1.3.6
BA.2,BN.1.3.7
BA.2,BN.1.3.8
BA.2,BN.1.3.9
BA.2,BN.1.4
BA.2,BN.1.4.1
BA.2,BN.1.4.2
BA.2,BN.1.4.3
BA.2,BN.1.4.4
BA.2,BN.1.4.5
BA.2,BN.1.5
BA.2,BN.1.5.1
BA.2,BN.1.5.2
BA.2,BN.1.6
BA.2,BN.1.7
BA.2,BN.1.8
BA.2,BN.1.9
BA.2,BN.2
BA.2,BN.2.1
BA.2,BN.3
BA.2,BN.3.1
BA.2,BN.4
BA.2,BN.5
BA.2,BN.6
BA.2,BP.1
BA.5,BQ.1
BA.5,BQ.1.1
BA.5,BQ.1.1.1
BA.5,BQ.1.1.10
BA.5,BQ.1.1.11
BA.5,BQ.1.1.12
BA.5,BQ.1.1.13
BA.5,BQ.1.1.14
BA.5,BQ.1.1.15
BA.5,BQ.1.1.16
BA.5,BQ.1.1.17
BA.5,BQ.1.1.18
BA.5,BQ.1.1.19
BA.5,BQ.1.1.2
BA.5,BQ.1.1.20
BA.5,BQ.1.1.21
BA.5,BQ.1.1.22
BA.5,BQ.1.1.23
BA.5,BQ.1.1.24
BA.5,BQ.1.1.25
BA.5,BQ.1.1.26
BA.5,BQ.1.1.27
BA.5,BQ.1.1.28
BA.5,BQ.1.1.29
BA.5,BQ.1.1.3
BA.5,BQ.1.1.30
BA.5,BQ.1.1.31
BA.5,BQ.1.1.32
BA.5,BQ.1.1.34
BA.5,BQ.1.1.35
BA.5,BQ.1.1.36
BA.5,BQ.1.1.37
BA.5,BQ.1.1.38
BA.5,BQ.1.1.39
BA.5,BQ.1.1.4
BA.5,BQ.1.1.40
BA.5,BQ.1.1.41
BA.5,BQ.1.1.42
BA.5,BQ.1.1.43
BA.5,BQ.1.1.44
BA.5,BQ.1.1.45
BA.5,BQ.1.1.46
BA.5,BQ.1.1.47
BA.5,BQ.1.1.48
BA.5,BQ.1.1.49
BA.5,BQ.1.1.5
BA.5,BQ.1.1.50
BA.5,BQ.1.1.51
BA.5,BQ.1.1.52
BA.5,BQ.1.1.53
BA.5,BQ.1.1.54
BA.5,BQ.1.1.55
BA.5,BQ.1.1.56
BA.5,BQ.1.1.57
BA.5,BQ.1.1.58
BA.5,BQ.1.1.59
BA.5,BQ.1.1.6
BA.5,BQ.1.1.60
BA.5,BQ.1.1.61
BA.5,BQ.1.1.62
BA.5,BQ.1.1.63
BA.5,BQ.1.1.64
BA.5,BQ.1.1.65
BA.5,BQ.1.1.66
BA.5,BQ.1.1.67
BA.5,BQ.1.1.68
BA.5,BQ.1.1.69
BA.5,BQ.1.1.7
BA.5,BQ.1.1.70
BA.5,BQ.1.1.71
BA.5,BQ.1.1.72
BA.5,BQ.1.1.73
BA.5,BQ.1.1.74
BA.5,BQ.1.1.75
BA.5,BQ.1.1.76
BA.5,BQ.1.1.77
BA.5,BQ.1.1.78
BA.5,BQ.1.1.79
BA.5,BQ.1.1.8
BA.5,BQ.1.1.9
BA.5,BQ.1.10
BA.5,BQ.1.10.1
BA.5,BQ.1.10.2
BA.5,BQ.1.10.3
BA.5,BQ.1.11
BA.5,BQ.1.11.1
BA.5,BQ.1.12
BA.5,BQ.1.13
BA.5,BQ.1.13.1
BA.5,BQ.1.14
BA.5,BQ.1.15
BA.5,BQ.1.15.1
BA.5,BQ.1.15.2
BA.5,BQ.1.16
BA.5,BQ.1.17
BA.5,BQ.1.18
BA.5,BQ.1.19
BA.5,BQ.1.2
BA.5,BQ.1.2.1
BA.5,BQ.1.2.2
BA.5,BQ.1.2.3
BA.5,BQ.1.20
BA.5,BQ.1.21
BA.5,BQ.1.22
BA.5,BQ.1.23
BA.5,BQ.1.24
BA.5,BQ.1.25
BA.5,BQ.1.25.1
BA.5,BQ.1.26
BA.5,BQ.1.26.1
BA.5,BQ.1.26.2
BA.5,BQ.1.27
BA.5,BQ.1.28
BA.5,BQ.1.29
BA.5,BQ.1.3
BA.5,BQ.1.3.1
BA.5,BQ.1.3.2
BA.5,BQ.1.30
BA.5,BQ.1.31
BA.5,BQ.1.32
BA.5,BQ.1.33
BA.5,BQ.1.4
BA.5,BQ.1.5
BA.5,BQ.1.6
BA.5,BQ.1.7
BA.5,BQ.1.8
BA.5,BQ.1.8.1
BA.5,BQ.1.8.2
BA.5,BQ.1.9
BA.5,BQ.2
BA.2,BR.1
BA.2,BR.1.1
BA.2,BR.1.2
BA.2,BR.2
BA.2,BR.2.1
BA.2,BR.3
BA.2,BR.4
BA.2,BR.5
BA.2,BR.5.1
BA.2,BS.1
BA.2,BS.1.1
BA.2,BS.1.2
BA.5,BT.1
BA.5,BT.2
BA.5,BU.1
BA.5,BU.2
BA.5,BU.3
BA.5,BV.1
BA.5,BV.2
BA.5,BW.1
BA.5,BW.1.1
BA.5,BW.1.1.1
BA.5,BW.1.1.2
BA.5,BW.1.2
BA.2,BY.1
BA.2,BY.1.1
BA.2,BY.1.1.1
BA.2,BY.1.2
BA.2,BY.1.2.1
BA.5,BZ.1
BA.5,BZ.2
Other,C.1
Other,C.1.1
Other,C.1.2
Other,C.10
Other,C.11
Other,C.12
Other,C.13
Other,C.14
Other,C.16
Other,C.17
Other,C.18
Other,C.19
Other,C.2
Other,C.2.1
Other,C.20
Other,C.21
Other,C.22
Other,C.23
Other,C.25
Other,C.26
Other,C.27
Other,C.28
Other,C.29
Other,C.3
Other,C.30
Other,C.30.1
Other,C.31
Other,C.32
Other,C.33
Other,C.34
Other,C.35
Other,C.36
Other,C.36.1
Other,C.36.2
Other,C.36.3
Other,C.36.3.1
Other,C.37
Other,C.37.1
Other,C.38
Other,C.39
Other,C.4
Other,C.40
Other,C.5
Other,C.6
Other,C.7
Other,C.8
Other,C.9
BA.2,CA.1
BA.2,CA.2
BA.2,CA.3
BA.2,CA.3.1
BA.2,CA.4
BA.2,CA.5
BA.2,CA.6
BA.2,CA.7
BA.2,CB.1
BA.5,CC.1
BA.5,CD.1
BA.5,CD.2
BA.5,CE.1
BA.5,CF.1
BA.5,CG.1
BA.2,CH.1
BA.2,CH.1.1
BA.2,CH.1.1.1
BA.2,CH.1.1.10
BA.2,CH.1.1.11
BA.2,CH.1.1.12
BA.2,CH.1.1.13
BA.2,CH.1.1.14
BA.2,CH.1.1.15
BA.2,CH.1.1.16
BA.2,CH.1.1.17
BA.2,CH.1.1.18
BA.2,CH.1.1.19
BA.2,CH.1.1.2
BA.2,CH.1.1.20
BA.2,CH.1.1.21
BA.2,CH.1.1.22
BA.2,CH.1.1.23
BA.2,CH.1.1.24
BA.2,CH.1.1.25
BA.2,CH.1.1.26
BA.2,CH.1.1.27
BA.2,CH.1.1.28
BA.2,CH.1.1.29
BA.2,CH.1.1.3
BA.2,CH.1.1.30
BA.2,CH.1.1.31
BA.2,CH.1.1.32
BA.2,CH.1.1.4
BA.2,CH.1.1.5
BA.2,CH.1.1.6
BA.2,CH.1.1.7
BA.2,CH.1.1.8
BA.2,CH.1.1.9
BA.2,CH.2
BA.2,CH.3
BA.2,CH.3.1
BA.2,CJ.1
BA.2,CJ.1.1
BA.2,CJ.1.2
BA.2,CJ.1.3
BA.2,CJ.1.3.1
BA.2,CJ.1.3.2
BA.5,CK.1
BA.5,CK.1.1
BA.5,CK.1.1.1
BA.5,CK.1.1.2
BA.5,CK.1.2
BA.5,CK.1.3
BA.5,CK.1.4
BA.5,CK.1.5
BA.5,CK.2
BA.5,CK.2.1
BA.5,CK.2.1.1
BA.5,CK.3
BA.5,CL.1
BA.5,CL.1.1
BA.5,CL.1.2
BA.5,CL.1.3
BA.2,CM.1
BA.2,CM.10
BA.2,CM.11
BA.2,CM.12
BA.2,CM.2
BA.2,CM.2.1
BA.2,CM.3
BA.2,CM.4
BA.2,CM.4.1
BA.2,CM.5
BA.2,CM.5.1
BA.2,CM.5.2
BA.2,CM.6
BA.2,CM.6.1
BA.2,CM.7
BA.2,CM.7.1
BA.2,CM.7.1.1
BA.2,CM.8
BA.2,CM.8.1
BA.2,CM.8.1.1
BA.2,CM.8.1.2
BA.2,CM.8.1.3
BA.2,CM.8.1.4
BA.2,CM.8.1.5
BA.2,CM.9
BA.5,CN.1
BA.5,CN.2
BA.5,CP.1
BA.5,CP.1.1
BA.5,CP.1.2
BA.5,CP.1.3
BA.5,CP.2
BA.5,CP.3
BA.5,CP.4
BA.5,CP.5
BA.5,CP.6
BA.5,CP.7
BA.5,CP.8
BA.5,CP.8.1
BA.5,CQ.1
BA.5,CQ.1.1
BA.5,CQ.2
BA.5,CR.1
BA.5,CR.1.1
BA.5,CR.1.2
BA.5,CR.1.3
BA.5,CR.2
BA.4,CS.1
BA.5,CT.1
BA.5,CU.1
BA.2,CV.1
BA.2,CV.2
BA.5,CW.1
BA.5,CY.1
BA.5,CY.2
BA.5,CZ.1
BA.5,CZ.2
Other,D.2
Other,D.3
Other,D.4
Other,D.5
BA.5,DA.1
BA.5,DB.1
BA.5,DB.2
BA.5,DB.3
BA.4,DC.1
BA.2,DD.1
BA.5,DE.1
BA.5,DE.2
BA.5,DF.1
BA.5,DF.1.1
BA.5,DG.1
BA.5,DH.1
BA.5,DJ.1
BA.5,DJ.1.1
BA.5,DJ.1.1.1
BA.5,DJ.1.2
BA.5,DJ.1.3
BA.5,DK.1
BA.5,DL.1
BA.5,DM.1
BA.5,DN.1
BA.5,DN.1.1
BA.5,DN.1.1.1
BA.5,DN.1.1.2
BA.5,DN.1.1.3
BA.5,DN.1.1.4
BA.5,DN.2
BA.5,DN.3
BA.5,DN.3.1
BA.5,DP.1
BA.5,DQ.1
BA.5,DR.1
BA.5,DR.2
BA.2,DS.1
BA.2,DS.2
BA.2,DS.3
BA.5,DT.1
BA.5,DT.2
BA.5,DT.3
BA.5,DU.1
BA.2,DV.1
BA.2,DV.1.1
BA.2,DV.2
BA.2,DV.3
BA.2,DV.3.1
BA.2,DV.4
BA.2,DV.5
BA.2,DV.6
BA.2,DV.6.1
BA.2,DV.6.2
BA.2,DV.7
BA.2,DV.7.1
BA.2,DV.7.1.1
BA.2,DV.7.1.2
BA.2,DV.7.1.3
BA.2,DV.7.1.4
BA.2,DV.7.1.5
BA.2,DV.7.1.6
BA.2,DV.7.1.7
BA.2,DV.7.1.8
BA.2,DV.7.1.9
BA.2,DV.7.2
BA.2,DV.8
BA.5,DW.1
BA.5,DY.1
BA.5,DY.1.1
BA.5,DY.2
BA.5,DY.3
BA.5,DY.4
BA.5,DZ.1
BA.5,DZ.2
BA.5,EA.1
BA.5,EA.2
BA.5,EB.1
BA.5,EC.1
BA.5,EC.1.1
BA.5,ED.1
BA.5,ED.2
BA.5,ED.3
BA.5,EE.1
BA.5,EE.2
BA.5,EE.3
BA.5,EE.4
BA.5,EE.5
BA.5,EF.1
BA.5,EF.1.1
BA.5,EF.1.1.1
BA.5,EF.1.2
BA.5,EF.1.3
BA.5,EF.2
BA.5,EF.3
XBB.1.9,EG.1
XBB.1.9,EG.1.1
XBB.1.9,EG.1.2
XBB.1.9,EG.1.3
XBB.1.9,EG.1.4
XBB.1.9,EG.1.4.1
XBB.1.9,EG.1.5
XBB.1.9,EG.1.6
XBB.1.9,EG.1.7
XBB.1.9,EG.1.8
XBB.1.9,EG.10
XBB.1.9,EG.10.1
XBB.1.9,EG.10.1.1
XBB.1.9,EG.11
XBB.1.9,EG.12
XBB.1.9,EG.13
XBB.1.9,EG.14
XBB.1.9,EG.2
XBB.1.9,EG.2.1
XBB.1.9,EG.2.2
XBB.1.9,EG.2.3
XBB.1.9,EG.2.4
XBB.1.9,EG.2.5
XBB.1.9,EG.3
XBB.1.9,EG.4
XBB.1.9,EG.4.1
XBB.1.9,EG.4.2
XBB.1.9,EG.4.3
XBB.1.9,EG.4.4
XBB.1.9,EG.4.5
XBB.1.9,EG.5
XBB.1.9,EG.5.1
XBB.1.9,EG.5.1.1
XBB.1.9,EG.5.1.10
XBB.1.9,EG.5.1.11
XBB.1.9,EG.5.1.12
XBB.1.9,EG.5.1.13
XBB.1.9,EG.5.1.14
XBB.1.9,EG.5.1.15
XBB.1.9,EG.5.1.16
XBB.1.9,EG.5.1.17
XBB.1.9,EG.5.1.18
XBB.1.9,EG.5.1.19
XBB.1.9,EG.5.1.2
XBB.1.9,EG.5.1.3
XBB.1.9,EG.5.1.4
XBB.1.9,EG.5.1.5
XBB.1.9,EG.5.1.6
XBB.1.9,EG.5.1.7
XBB.1.9,EG.5.1.8
XBB.1.9,EG.5.1.9
XBB.1.9,EG.5.2
XBB.1.9,EG.5.2.1
XBB.1.9,EG.5.2.2
XBB.1.9,EG.5.2.3
XBB.1.9,EG.5.2.4
XBB.1.9,EG.6
XBB.1.9,EG.6.1
XBB.1.9,EG.6.1.1
XBB.1.9,EG.6.1.2
XBB.1.9,EG.7
XBB.1.9,EG.8
XBB.1.9,EG.9
XBB.1.9,EG.9.1
BA.5,EH.1
BA.2,EJ.1
BA.2,EJ.2
BA.2,EJ.3
XBB.1.5,EK.1
XBB.1.5,EK.2
XBB.1.5,EK.2.1
XBB.1.5,EK.3
XBB.1.5,EK.4
XBB.1.5,EL.1
XBB.1.5,EM.1
BA.5,EN.1
BA.5,EN.1.1
BA.2,EP.1
BA.2,EP.1.1
BA.2,EP.1.1.1
BA.2,EP.2
BA.5,EQ.1
BA.5,ER.1
BA.5,ER.1.1
BA.5,ES.1
BA.5,ET.1
XBB.1.5,EU.1
XBB.1.5,EU.1.1
XBB.1.5,EU.1.1.1
XBB.1.5,EU.1.1.2
XBB.1.5,EU.1.1.3
BA.5,EV.1
BA.5,EW.1
BA.5,EW.2
BA.5,EW.3
BA.5,EY.1
BA.5,EZ.1
BA.5,FA.1
BA.5,FA.2
BA.5,FB.1
BA.5,FB.2
BA.5,FC.1
XBB.1.5,FD.1
XBB.1.5,FD.1.1
XBB.1.5,FD.2
XBB.1.5,FD.2.1
XBB.1.5,FD.3
XBB.1.5,FD.4
XBB.1.5,FD.4.1
XBB.1.5,FD.5
XBB.1.5,FD.5.1
XBB,FE.1
XBB,FE.1.1
XBB,FE.1.1.1
XBB,FE.1.1.2
XBB,FE.1.1.3
XBB,FE.1.1.4
XBB,FE.1.1.5
XBB,FE.1.2
BA.5,FF.1
XBB.1.5,FG.1
XBB.1.5,FG.2
XBB.1.5,FG.3
XBB.1.5,FH.1
BA.2,FJ.1
BA.2,FK.1
BA.2,FK.1.1
BA.2,FK.1.1.1
BA.2,FK.1.1.2
BA.2,FK.1.2
BA.2,FK.1.2.1
BA.2,FK.1.2.2
BA.2,FK.1.3
BA.2,FK.1.3.1
BA.2,FK.1.3.2
BA.2,FK.1.4
BA.2,FK.1.4.1
BA.2,FK.1.5
XBB.1.9,FL.1
XBB.1.9,FL.1.1
XBB.1.9,FL.1.1.1
XBB.1.9,FL.1.2
XBB.1.9,FL.1.3
XBB.1.9,FL.1.4
XBB.1.9,FL.1.5
XBB.1.9,FL.1.5.1
XBB.1.9,FL.1.5.2
XBB.1.9,FL.1.6
XBB.1.9,FL.1.7
XBB.1.9,FL.1.8
XBB.1.9,FL.10
XBB.1.9,FL.10.1
XBB.1.9,FL.10.2
XBB.1.9,FL.10.3
XBB.1.9,FL.11
XBB.1.9,FL.12
XBB.1.9,FL.13
XBB.1.9,FL.13.1
XBB.1.9,FL.13.2
XBB.1.9,FL.13.2.1
XBB.1.9,FL.13.3
XBB.1.9,FL.13.3.1
XBB.1.9,FL.13.4
XBB.1.9,FL.13.4.1
XBB.1.9,FL.13.5
XBB.1.9,FL.14
XBB.1.9,FL.15
XBB.1.9,FL.15.1
XBB.1.9,FL.15.1.1
XBB.1.9,FL.15.2
XBB.1.9,FL.15.3
XBB.1.9,FL.15.4
XBB.1.9,FL.16
XBB.1.9,FL.17
XBB.1.9,FL.17.1
XBB.1.9,FL.17.2
XBB.1.9,FL.18
XBB.1.9,FL.18.1
XBB.1.9,FL.18.1.1
XBB.1.9,FL.19
XBB.1.9,FL.19.1
XBB.1.9,FL.2
XBB.1.9,FL.2.1
XBB.1.9,FL.2.2
XBB.1.9,FL.2.2.1
XBB.1.9,FL.2.3
XBB.1.9,FL.2.3.1
XBB.1.9,FL.2.4
XBB.1.9,FL.2.5
XBB.1.9,FL.2.6
XBB.1.9,FL.2.7
XBB.1.9,FL.2.7.1
XBB.1.9,FL.20
XBB.1.9,FL.20.1
XBB.1.9,FL.20.2
XBB.1.9,FL.21
XBB.1.9,FL.21.1
XBB.1.9,FL.21.2
XBB.1.9,FL.22
XBB.1.9,FL.23
XBB.1.9,FL.23.1
XBB.1.9,FL.23.2
XBB.1.9,FL.23.2.1
XBB.1.9,FL.24
XBB.1.9,FL.24.1
XBB.1.9,FL.25
XBB.1.9,FL.26
XBB.1.9,FL.26.1
XBB.1.9,FL.27
XBB.1.9,FL.28
XBB.1.9,FL.29
XBB.1.9,FL.3
XBB.1.9,FL.3.1
XBB.1.9,FL.3.2
XBB.1.9,FL.3.3
XBB.1.9,FL.3.4
XBB.1.9,FL.30
XBB.1.9,FL.30.1
XBB.1.9,FL.31
XBB.1.9,FL.31.1
XBB.1.9,FL.32
XBB.1.9,FL.32.1
XBB.1.9,FL.33
XBB.1.9,FL.33.1
XBB.1.9,FL.34
XBB.1.9,FL.35
XBB.1.9,FL.35.1
XBB.1.9,FL.36
XBB.1.9,FL.37
XBB.1.9,FL.38
XBB.1.9,FL.39
XBB.1.9,FL.39.1
XBB.1.9,FL.4
XBB.1.9,FL.4.1
XBB.1.9,FL.4.1.1
XBB.1.9,FL.4.10
XBB.1.9,FL.4.11
XBB.1.9,FL.4.2
XBB.1.9,FL.4.3
XBB.1.9,FL.4.4
XBB.1.9,FL.4.5
XBB.1.9,FL.4.6
XBB.1.9,FL.4.7
XBB.1.9,FL.4.8
XBB.1.9,FL.4.9
XBB.1.9,FL.40
XBB.1.9,FL.5
XBB.1.9,FL.5.1
XBB.1.9,FL.6
XBB.1.9,FL.7
XBB.1.9,FL.8
XBB.1.9,FL.9
BA.5,FM.1
BA.5,FM.2
BA.5,FN.1
XBB,FP.1
XBB,FP.2
XBB,FP.2.1
XBB,FP.2.1.1
XBB,FP.2.1.2
XBB,FP.3
XBB,FP.4
BA.5,FQ.1
BA.2,FR.1
BA.2,FR.1.1
BA.2,FR.1.2
BA.2,FR.1.3
BA.2,FR.1.4
BA.2,FR.1.5
BA.2,FR.2
BA.2,FS.1
XBB.1.5,FT.1
XBB.1.5,FT.2
XBB.1.5,FT.3
XBB.1.5,FT.3.1
XBB.1.5,FT.3.1.1
XBB.1.5,FT.4
XBB.1.16,FU.1
XBB.1.16,FU.1.1
XBB.1.16,FU.1.1.1
XBB.1.16,FU.2
XBB.1.16,FU.2.1
XBB.1.16,FU.3
XBB.1.16,FU.3.1
XBB.1.16,FU.4
XBB.1.16,FU.5
BA.2,FV.1
XBB,FW.1
XBB,FW.1.1
XBB,FW.1.1.1
XBB,FW.2
XBB,FW.3
XBB,FY.1
XBB,FY.1.1
XBB,FY.1.2
XBB,FY.1.2.1
XBB,FY.1.2.2
XBB,FY.1.2.3
XBB,FY.1.3
XBB,FY.1.4
XBB,FY.1.4.1
XBB,FY.2
XBB,FY.2.1
XBB,FY.3
XBB,FY.3.1
XBB,FY.3.2
XBB,FY.3.3
XBB,FY.4
XBB,FY.4.1
XBB,FY.4.1.1
XBB,FY.4.1.2
XBB,FY.4.2
XBB,FY.5
XBB,FY.5.1
XBB,FY.5.1.1
XBB,FY.5.2
XBB,FY.5.3
XBB,FY.5.4
XBB,FY.5.5
XBB,FY.5.5.1
XBB,FY.6
XBB,FY.6.1
XBB,FY.6.2
XBB,FY.7
XBB,FY.8
XBB,FY.8.1
XBB,FY.8.1.1
XBB,FY.9
XBB.1.5,FZ.1
XBB.1.5,FZ.1.1
XBB.1.5,FZ.2
Other,G.1
XBB,GA.1
XBB,GA.10
XBB,GA.10.1
XBB,GA.2
XBB,GA.2.1
XBB,GA.2.1.1
XBB,GA.3
XBB,GA.4
XBB,GA.4.1
XBB,GA.4.1.1
XBB,GA.4.1.2
XBB,GA.4.1.3
XBB,GA.4.2
XBB,GA.4.3
XBB,GA.5
XBB,GA.6
XBB,GA.6.1
XBB,GA.7
XBB,GA.7.1
XBB,GA.7.2
XBB,GA.8
XBB,GA.8.1
XBB,GA.9
XBB.1.5,GB.1
XBB.1.5,GB.2
XBB.1.5,GC.1
XBB.1.5,GC.2
XBB.1.9,GD.1
XBB.1.9,GD.2
XBB.1.9,GD.3
XBB,GE.1
XBB,GE.1.1
XBB,GE.1.2
XBB,GE.1.2.1
XBB,GE.1.2.2
XBB,GE.1.3
XBB,GE.1.4
XBB,GE.1.5
XBB,GE.1.6
XBB.1.5,GF.1
XBB.1.5,GG.1
Other,GH.1
XBB,GJ.1
XBB,GJ.1.1
XBB,GJ.1.2
XBB,GJ.1.2.1
XBB,GJ.1.2.2
XBB,GJ.1.2.3
XBB,GJ.1.2.4
XBB,GJ.1.2.5
XBB,GJ.1.2.6
XBB,GJ.1.2.7
XBB,GJ.1.2.8
XBB,GJ.2
XBB,GJ.3
XBB,GJ.4
XBB,GJ.5
XBB,GJ.5.1
XBB,GJ.6
XBB,GJ.7
XBB.1.5,GK.1
XBB.1.5,GK.1.1
XBB.1.5,GK.1.1.1
XBB.1.5,GK.1.10
XBB.1.5,GK.1.10.1
XBB.1.5,GK.1.11
XBB.1.5,GK.1.11.1
XBB.1.5,GK.1.2
XBB.1.5,GK.1.2.1
XBB.1.5,GK.1.3
XBB.1.5,GK.1.4
XBB.1.5,GK.1.5
XBB.1.5,GK.1.6
XBB.1.5,GK.1.6.1
XBB.1.5,GK.1.7
XBB.1.5,GK.1.8
XBB.1.5,GK.1.8.1
XBB.1.5,GK.1.9
XBB.1.5,GK.10
XBB.1.5,GK.11
XBB.1.5,GK.12
XBB.1.5,GK.2
XBB.1.5,GK.2.1
XBB.1.5,GK.2.1.1
XBB.1.5,GK.2.2
XBB.1.5,GK.2.3
XBB.1.5,GK.2.4
XBB.1.5,GK.3
XBB.1.5,GK.3.1
XBB.1.5,GK.3.2
XBB.1.5,GK.4
XBB.1.5,GK.5
XBB.1.5,GK.5.1
XBB.1.5,GK.6
XBB.1.5,GK.7
XBB.1.5,GK.8
XBB.1.5,GK.8.1
XBB.1.5,GK.9
Other,B.1.247
Other,B.1.248
Other,B.1.249
Other,B.1.250
Other,B.1.251
Other,B.1.252
Other,B.1.254
Other,B.1.256
Other,B.1.258
Other,B.1.258.10
Other,B.1.258.11
Other,B.1.258.12
Other,B.1.258.14
Other,B.1.258.15
Other,B.1.258.16
Other,B.1.258.17
Other,B.1.258.18
Other,B.1.258.19
Other,B.1.258.2
Other,B.1.258.20
Other,B.1.258.21
Other,B.1.258.22
Other,B.1.258.23
Other,B.1.258.24
Other,B.1.258.3
Other,B.1.258.4
Other,B.1.258.5
Other,B.1.258.6
Other,B.1.258.7
Other,B.1.258.9
Other,B.1.260
Other,B.1.263
Other,B.1.264
Other,B.1.264.1
Other,B.1.265
Other,B.1.267
Other,B.1.268
Other,B.1.270
Other,B.1.273
Other,B.1.274
Other,B.1.276
Other,B.1.277
Other,B.1.279
Other,B.1.280
Other,B.1.281
Other,B.1.282
Other,B.1.284
Other,B.1.285
Other,B.1.287
Other,B.1.289
Other,B.1.291
Other,B.1.292
Other,B.1.293
Other,B.1.294
Other,B.1.298
Other,B.1.3
Other,B.1.301
Other,B.1.302
Other,B.1.304
Other,B.1.305
Other,B.1.306
Other,B.1.308
Other,B.1.309
Other,B.1.310
Other,B.1.311
Other,B.1.313
Other,B.1.314
Other,B.1.315
Other,B.1.316
Other,B.1.318
Other,B.1.319
Other,B.1.320
Other,B.1.321
Other,B.1.323
Other,B.1.324
Other,B.1.325
Other,B.1.326
Other,B.1.328
Other,B.1.329
Other,B.1.330
Other,B.1.332
Other,B.1.333
Other,B.1.334
Other,B.1.335
Other,B.1.336
Other,B.1.337
Other,B.1.338
Other,B.1.340
Other,B.1.341
Other,B.1.342
Other,B.1.343
Other,B.1.344
Other,B.1.346
Other,B.1.348
Other,B.1.349
Other,B.1.35
Other,B.1.350
Other,B.1.350.1
Other,B.1.351
Other,B.1.351.1
Other,B.1.351.2
Other,B.1.351.3
Other,B.1.351.5
Other,B.1.354
Other,B.1.355
Other,B.1.356
Other,B.1.357
Other,B.1.358
Other,B.1.359
Other,B.1.36
Other,B.1.36.1
Other,B.1.36.10
Other,B.1.36.12
Other,B.1.36.16
Other,B.1.36.17
Other,B.1.36.18
Other,B.1.36.19
Other,B.1.36.2
Other,B.1.36.20
Other,B.1.36.21
Other,B.1.36.22
Other,B.1.36.23
Other,B.1.36.24
Other,B.1.36.25
Other,B.1.36.26
Other,B.1.36.27
Other,B.1.36.28
Other,B.1.36.29
Other,B.1.36.31
Other,B.1.36.33
Other,B.1.36.34
Other,B.1.36.35
Other,B.1.36.36
Other,B.1.36.37
Other,B.1.36.38
Other,B.1.36.39
Other,B.1.36.7
Other,B.1.36.8
Other,B.1.36.9
Other,B.1.360
Other,B.1.361
Other,B.1.362
Other,B.1.362.1
Other,B.1.362.2
Other,B.1.363
Other,B.1.366
Other,B.1.367
Other,B.1.369
Other,B.1.369.1
Other,B.1.37
Other,B.1.370
Other,B.1.371
Other,B.1.372
Other,B.1.375
Other,B.1.377
Other,B.1.378
Other,B.1.379
Other,B.1.38
Other,B.1.380
Other,B.1.381
Other,B.1.382
Other,B.1.383
Other,B.1.384
Other,B.1.385
Other,B.1.387
Other,B.1.388
Other,B.1.389
Other,B.1.39
Other,B.1.390
Other,B.1.391
Other,B.1.393
Other,B.1.395
Other,B.1.396
Other,B.1.397
Other,B.1.398
Other,B.1.399
Other,B.1.40
Other,B.1.400
Other,B.1.400.1
Other,B.1.401
Other,B.1.402
Other,B.1.403
Other,B.1.404
Other,B.1.405
Other,B.1.406
Other,B.1.407
Other,B.1.408
Other,B.1.409
Other,B.1.411
Other,B.1.413
Other,B.1.415
Other,B.1.415.1
Other,B.1.416
Other,B.1.416.1
Other,B.1.417
Other,B.1.418
Other,B.1.420
Other,B.1.421
Other,B.1.422
Other,B.1.423
Other,B.1.424
Other,B.1.425
Other,B.1.426
Other,B.1.427
Other,B.1.428
Other,B.1.428.1
Other,B.1.428.2
Other,B.1.428.3
Other,B.1.429
Other,B.1.429.1
Other,B.1.431
Other,B.1.432
Other,B.1.433
Other,B.1.434
Other,B.1.435
Other,B.1.436
Other,B.1.437
Other,B.1.438
Other,B.1.438.1
Other,B.1.438.2
Other,B.1.438.3
Other,B.1.438.4
Other,B.1.439
Other,B.1.44
Other,B.1.441
Other,B.1.442
Other,B.1.443
Other,B.1.444
Other,B.1.445
Other,B.1.446
Other,B.1.448
Other,B.1.450
Other,B.1.451
Other,B.1.452
Other,B.1.453
Other,B.1.456
Other,B.1.458
Other,B.1.459
Other,B.1.460
Other,B.1.462
Other,B.1.463
Other,B.1.465
Other,B.1.466
Other,B.1.466.1
Other,B.1.466.2
Other,B.1.467
Other,B.1.468
Other,B.1.469
Other,B.1.470
Other,B.1.471
Other,B.1.473
Other,B.1.474
Other,B.1.475
Other,B.1.476
Other,B.1.478
Other,B.1.479
Other,B.1.480
Other,B.1.482
Other,B.1.483
Other,B.1.485
Other,B.1.486
Other,B.1.487
Other,B.1.488
Other,B.1.489
Other,B.1.490
Other,B.1.491
Other,B.1.492
Other,B.1.493
Other,B.1.494
Other,B.1.495
Other,B.1.496
Other,B.1.497
Other,B.1.498
Other,B.1.499
Other,B.1.499.1
Other,B.1.500
Other,B.1.501
Other,B.1.502
Other,B.1.503
Other,B.1.504
Other,B.1.505
Other,B.1.506
Other,B.1.507
Other,B.1.508
Other,B.1.509
Other,B.1.510
Other,B.1.511
Other,B.1.513
Other,B.1.515
Other,B.1.516
Other,B.1.517
Other,B.1.517.1
Other,B.1.518
Other,B.1.520
Other,B.1.521
Other,B.1.523
Other,B.1.524
Other,B.1.525
B.1.526,B.1.526
Other,B.1.527
Other,B.1.528
Other,B.1.529
Other,B.1.530
Other,B.1.531
Other,B.1.532
Other,B.1.533
Other,B.1.534
Other,B.1.535
Other,B.1.536
Other,B.1.537
Other,B.1.538
Other,B.1.539
Other,B.1.540
Other,B.1.541
Other,B.1.542
Other,B.1.543
Other,B.1.544
Other,B.1.545
Other,B.1.546
Other,B.1.547
Other,B.1.548
Other,B.1.549
Other,B.1.550
Other,B.1.551
Other,B.1.552
Other,B.1.554
Other,B.1.555
Other,B.1.556
Other,B.1.557
Other,B.1.558
Other,B.1.559
Other,B.1.560
Other,B.1.561
Other,B.1.562
Other,B.1.563
Other,B.1.564
Other,B.1.564.1
Other,B.1.565
Other,B.1.566
Other,B.1.567
Other,B.1.568
Other,B.1.569
Other,B.1.570
Other,B.1.571
Other,B.1.572
Other,B.1.573
Other,B.1.574
Other,B.1.575
Other,B.1.575.1
Other,B.1.575.2
Other,B.1.576
Other,B.1.577
Other,B.1.578
Other,B.1.579
Other,B.1.580
Other,B.1.581
Other,B.1.582
Other,B.1.585
Other,B.1.586
Other,B.1.587
Other,B.1.588
Other,B.1.588.1
Other,B.1.589
Other,B.1.590
Other,B.1.591
Other,B.1.592
Other,B.1.593
Other,B.1.594
Other,B.1.595
Other,B.1.595.1
Other,B.1.595.2
Other,B.1.595.3
Other,B.1.595.4
Other,B.1.596
Other,B.1.596.1
Other,B.1.597
Other,B.1.598
Other,B.1.599
Other,B.1.6
Other,B.1.600
Other,B.1.601
Other,B.1.602
Other,B.1.603
Other,B.1.604
Other,B.1.605
Other,B.1.606
Other,B.1.607
Other,B.1.609
Other,B.1.610
Other,B.1.611
Other,B.1.612
Other,B.1.613
Other,B.1.614
Other,B.1.615
Other,B.1.616
Other,B.1.617
Other,B.1.617.1
B.1.617.2,B.1.617.2
Other,B.1.617.3
Other,B.1.618
Other,B.1.619
Other,B.1.619.1
Other,B.1.620
Other,B.1.621
Other,B.1.621.1
Other,B.1.621.2
Other,B.1.622
Other,B.1.623
Other,B.1.625
Other,B.1.626
Other,B.1.627
Other,B.1.629
Other,B.1.630
Other,B.1.631
Other,B.1.632
Other,B.1.633
Other,B.1.634
Other,B.1.635
Other,B.1.636
Other,B.1.637
Other,B.1.637.1
Other,B.1.638
Other,B.1.639
Other,B.1.640
Other,B.1.640.1
Other,B.1.640.2
Other,B.1.641
Other,B.1.67
Other,B.1.69
Other,B.1.70
Other,B.1.76
Other,B.1.77
Other,B.1.78
Other,B.1.8
Other,B.1.81
Other,B.1.83
Other,B.1.84
Other,B.1.9
Other,B.1.9.1
Other,B.1.9.2
Other,B.1.9.3
Other,B.1.9.4
Other,B.1.9.5
Other,B.1.91
Other,B.1.93
Other,B.1.94
Other,B.1.96
Other,B.1.97
Other,B.10
Other,B.11
Other,B.12
Other,B.13
Other,B.15
Other,B.18
Other,B.19
Other,B.20
Other,B.23
Other,B.26
Other,B.27
Other,B.28
Other,B.29
Other,B.3
Other,B.3.1
Other,B.30
Other,B.31
Other,B.32
Other,B.33
Other,B.34
Other,B.35
Other,B.36
Other,B.37
Other,B.38
Other,B.39
Other,B.4
Other,B.4.1
Other,B.4.2
Other,B.4.4
Other,B.4.5
Other,B.4.6
Other,B.4.7
Other,B.4.8
Other,B.40
Other,B.41
Other,B.42
Other,B.43
Other,B.44
Other,B.45
Other,B.46
Other,B.47
Other,B.49
Other,B.5
Other,B.50
Other,B.51
Other,B.52
Other,B.53
Other,B.55
Other,B.56
Other,B.57
Other,B.58
Other,B.6
Other,B.6.1
Other,B.6.2
Other,B.6.3
Other,B.6.4
Other,B.6.5
Other,B.6.6
Other,B.6.8
Other,B.60
Other,B.61
BA.1,BA.1
BA.1,BA.1.1
BA.1,BA.1.1.1
BA.1,BA.1.1.10
BA.1,BA.1.1.11
BA.1,BA.1.1.12
BA.1,BA.1.1.13
BA.1,BA.1.1.14
BA.1,BA.1.1.15
BA.1,BA.1.1.16
BA.1,BA.1.1.17
BA.1,BA.1.1.18
BA.1,BA.1.1.2
BA.1,BA.1.1.3
BA.1,BA.1.1.4
BA.1,BA.1.1.5
BA.1,BA.1.1.6
BA.1,BA.1.1.7
BA.1,BA.1.1.8
BA.1,BA.1.1.9
BA.1,BA.1.10
BA.1,BA.1.12
BA.1,BA.1.13
BA.1,BA.1.13.1
BA.1,BA.1.14
BA.1,BA.1.14.1
BA.1,BA.1.14.2
BA.1,BA.1.15
BA.1,BA.1.15.1
BA.1,BA.1.15.2
BA.1,BA.1.15.3
BA.1,BA.1.16
BA.1,BA.1.16.1
BA.1,BA.1.16.2
BA.1,BA.1.17
BA.1,BA.1.17.1
BA.1,BA.1.17.2
BA.1,BA.1.18
BA.1,BA.1.19
BA.1,BA.1.2
BA.1,BA.1.20
BA.1,BA.1.21
BA.1,BA.1.21.1
BA.1,BA.1.22
BA.1,BA.1.23
BA.1,BA.1.24
BA.1,BA.1.3
BA.1,BA.1.4
BA.1,BA.1.5
BA.1,BA.1.6
BA.1,BA.1.7
BA.1,BA.1.8
BA.1,BA.1.9
BA.2,BA.2
BA.2,BA.2.1
BA.2,BA.2.10
BA.2,BA.2.10.1
BA.2,BA.2.10.2
BA.2,BA.2.10.3
BA.2,BA.2.10.4
BA.2,BA.2.11
BA.2,BA.2.12
BA.2,BA.2.12.1
BA.2,BA.2.12.2
BA.2,BA.2.13
BA.2,BA.2.13.1
BA.2,BA.2.14
BA.2,BA.2.15
BA.2,BA.2.16
BA.2,BA.2.17
BA.2,BA.2.18
BA.2,BA.2.19
BA.2,BA.2.2
BA.2,BA.2.2.1
BA.2,BA.2.20
BA.2,BA.2.21
BA.2,BA.2.22
BA.2,BA.2.23
BA.2,BA.2.23.1
BA.2,BA.2.24
BA.2,BA.2.25
BA.2,BA.2.25.1
BA.2,BA.2.26
BA.2,BA.2.27
BA.2,BA.2.28
BA.2,BA.2.29
BA.2,BA.2.3
BA.2,BA.2.3.1
BA.2,BA.2.3.10
BA.2,BA.2.3.11
BA.2,BA.2.3.12
BA.2,BA.2.3.13
BA.2,BA.2.3.14
BA.2,BA.2.3.15
BA.2,BA.2.3.16
BA.2,BA.2.3.17
BA.2,BA.2.3.18
BA.2,BA.2.3.19
BA.2,BA.2.3.2
BA.2,BA.2.3.20
BA.2,BA.2.3.21
BA.2,BA.2.3.22
BA.2,BA.2.3.4
BA.2,BA.2.3.5
BA.2,BA.2.3.6
BA.2,BA.2.3.7
BA.2,BA.2.3.8
BA.2,BA.2.3.9
BA.2,BA.2.30
BA.2,BA.2.31
BA.2,BA.2.31.1
BA.2,BA.2.32
BA.2,BA.2.33
BA.2,BA.2.34
BA.2,BA.2.35
BA.2,BA.2.36
BA.2,BA.2.37
BA.2,BA.2.38
BA.2,BA.2.38.1
BA.2,BA.2.38.2
BA.2,BA.2.38.3
BA.2,BA.2.38.4
BA.2,BA.2.39
BA.2,BA.2.4
BA.2,BA.2.40
BA.2,BA.2.40.1
BA.2,BA.2.41
BA.2,BA.2.42
BA.2,BA.2.43
BA.2,BA.2.44
BA.2,BA.2.45
BA.2,BA.2.46
BA.2,BA.2.47
BA.2,BA.2.48
BA.2,BA.2.49
BA.2,BA.2.5
BA.2,BA.2.50
BA.2,BA.2.51
BA.2,BA.2.52
BA.2,BA.2.53
BA.2,BA.2.54
BA.2,BA.2.55
BA.2,BA.2.56
BA.2,BA.2.56.1
BA.2,BA.2.57
BA.2,BA.2.58
BA.2,BA.2.59
BA.2,BA.2.6
BA.2,BA.2.60
BA.2,BA.2.61
BA.2,BA.2.62
BA.2,BA.2.63
BA.2,BA.2.64
BA.2,BA.2.65
BA.2,BA.2.66
BA.2,BA.2.67
BA.2,BA.2.68
BA.2,BA.2.69
BA.2,BA.2.7
BA.2,BA.2.70
BA.2,BA.2.71
BA.2,BA.2.72
BA.2,BA.2.73
BA.2,BA.2.74
BA.2,BA.2.75
BA.2,BA.2.75.1
BA.2,BA.2.75.10
BA.2,BA.2.75.2
BA.2,BA.2.75.3
BA.2,BA.2.75.4
BA.2,BA.2.75.5
BA.2,BA.2.75.6
BA.2,BA.2.75.7
BA.2,BA.2.75.8
BA.2,BA.2.75.9
BA.2,BA.2.76
BA.2,BA.2.76.1
BA.2,BA.2.76.2
BA.2,BA.2.77
BA.2,BA.2.78
BA.2,BA.2.79
BA.2,BA.2.79.1
BA.2,BA.2.8
BA.2,BA.2.80
BA.2,BA.2.81
BA.2,BA.2.82
BA.2,BA.2.83
BA.2,BA.2.85
BA.2,BA.2.86
BA.2,BA.2.86.1
BA.2,BA.2.86.2
BA.2,BA.2.86.3
BA.2,BA.2.86.4
BA.2,BA.2.86.5
BA.2,BA.2.87
BA.2,BA.2.87.1
BA.2,BA.2.9
BA.2,BA.2.9.1
BA.2,BA.2.9.2
BA.2,BA.2.9.3
BA.2,BA.2.9.4
BA.2,BA.2.9.5
BA.2,BA.2.9.6
BA.2,BA.2.9.7
Other,BA.3
Other,BA.3.1
BA.4,BA.4
BA.4,BA.4.1
BA.4,BA.4.1.1
BA.4,BA.4.1.10
BA.4,BA.4.1.11
BA.4,BA.4.1.2
BA.4,BA.4.1.3
BA.4,BA.4.1.4
BA.4,BA.4.1.5
BA.4,BA.4.1.6
BA.4,BA.4.1.7
BA.4,BA.4.1.8
BA.4,BA.4.1.9
BA.4,BA.4.2
BA.4,BA.4.3
BA.4,BA.4.4
BA.4,BA.4.5
BA.4,BA.4.6
BA.4,BA.4.6.1
BA.4,BA.4.6.2
BA.4,BA.4.6.3
BA.4,BA.4.6.4
BA.4,BA.4.6.5
BA.4,BA.4.7
BA.4,BA.4.8
BA.5,BA.5
BA.5,BA.5.1
BA.5,BA.5.1.1
BA.5,BA.5.1.10
BA.5,BA.5.1.11
BA.5,BA.5.1.12
BA.5,BA.5.1.14
BA.5,BA.5.1.15
BA.5,BA.5.1.16
BA.5,BA.5.1.17
BA.5,BA.5.1.18
BA.5,BA.5.1.19
BA.5,BA.5.1.2
BA.5,BA.5.1.20
BA.5,BA.5.1.21
BA.5,BA.5.1.22
BA.5,BA.5.1.23
BA.5,BA.5.1.24
BA.5,BA.5.1.25
BA.5,BA.5.1.26
BA.5,BA.5.1.27
BA.5,BA.5.1.28
BA.5,BA.5.1.29
BA.5,BA.5.1.3
BA.5,BA.5.1.30
BA.5,BA.5.1.31
BA.5,BA.5.1.32
BA.5,BA.5.1.33
BA.5,BA.5.1.34
BA.5,BA.5.1.35
BA.5,BA.5.1.36
BA.5,BA.5.1.37
BA.5,BA.5.1.38
BA.5,BA.5.1.4
BA.5,BA.5.1.5
BA.5,BA.5.1.6
BA.5,BA.5.1.7
BA.5,BA.5.1.8
BA.5,BA.5.1.9
BA.5,BA.5.10
BA.5,BA.5.10.1
BA.5,BA.5.11
BA.5,BA.5.12
BA.5,BA.5.2
BA.5,BA.5.2.1
BA.5,BA.5.2.10
BA.5,BA.5.2.11
BA.5,BA.5.2.12
BA.5,BA.5.2.13
BA.5,BA.5.2.14
BA.5,BA.5.2.16
BA.5,BA.5.2.18
BA.5,BA.5.2.19
BA.5,BA.5.2.2
BA.5,BA.5.2.20
BA.5,BA.5.2.21
BA.5,BA.5.2.22
BA.5,BA.5.2.23
BA.5,BA.5.2.24
BA.5,BA.5.2.25
BA.5,BA.5.2.26
BA.5,BA.5.2.27
BA.5,BA.5.2.28
BA.5,BA.5.2.29
BA.5,BA.5.2.3
BA.5,BA.5.2.30
BA.5,BA.5.2.31
BA.5,BA.5.2.32
BA.5,BA.5.2.33
BA.5,BA.5.2.34
BA.5,BA.5.2.35
BA.5,BA.5.2.36
BA.5,BA.5.2.37
BA.5,BA.5.2.38
BA.5,BA.5.2.39
BA.5,BA.5.2.4
BA.5,BA.5.2.40
BA.5,BA.5.2.41
BA.5,BA.5.2.42
BA.5,BA.5.2.43
BA.5,BA.5.2.44
BA.5,BA.5.2.45
BA.5,BA.5.2.46
BA.5,BA.5.2.47
BA.5,BA.5.2.48
BA.5,BA.5.2.49
BA.5,BA.5.2.5
BA.5,BA.5.2.50
BA.5,BA.5.2.51
BA.5,BA.5.2.52
BA.5,BA.5.2.53
BA.5,BA.5.2.54
BA.5,BA.5.2.55
BA.5,BA.5.2.56
BA.5,BA.5.2.57
BA.5,BA.5.2.58
BA.5,BA.5.2.59
BA.5,BA.5.2.6
BA.5,BA.5.2.60
BA.5,BA.5.2.61
BA.5,BA.5.2.62
BA.5,BA.5.2.63
BA.5,BA.5.2.7
BA.5,BA.5.2.8
BA.5,BA.5.2.9
BA.5,BA.5.3
BA.5,BA.5.3.1
BA.5,BA.5.3.2
BA.5,BA.5.3.3
BA.5,BA.5.3.4
BA.5,BA.5.3.5
BA.5,BA.5.5
BA.5,BA.5.5.1
BA.5,BA.5.5.2
BA.5,BA.5.5.3
BA.5,BA.5.6
BA.5,BA.5.6.1
BA.5,BA.5.6.2
BA.5,BA.5.6.3
BA.5,BA.5.6.4
BA.5,BA.5.7
BA.5,BA.5.8
BA.5,BA.5.9
Other,BB.2
Other,BC.1
Other,BC.2
Other,BD.1
BA.5,BE.1
BA.5,BE.1.1
BA.5,BE.1.1.1
BA.5,BE.1.1.2
BA.5,BE.1.2
BA.5,BE.1.2.1
BA.5,BE.1.3
BA.5,BE.1.4
BA.5,BE.1.4.1
BA.5,BE.1.4.2
BA.5,BE.1.4.3
BA.5,BE.1.4.4
BA.5,BE.10
BA.5,BE.11
BA.5,BE.12
BA.5,BE.13
BA.5,BE.2
BA.5,BE.3
BA.5,BE.4
BA.5,BE.4.1
BA.5,BE.4.1.1
BA.5,BE.4.2
BA.5,BE.5
BA.5,BE.6
BA.5,BE.7
BA.5,BE.8
BA.5,BE.9
BA.5,BF.1
BA.5,BF.1.1
BA.5,BF.10
BA.5,BF.10.1
BA.5,BF.11
BA.5,BF.11.1
BA.5,BF.11.2
BA.5,BF.11.3
BA.5,BF.11.4
BA.5,BF.11.5
BA.5,BF.12
BA.5,BF.13
BA.5,BF.14
BA.5,BF.15
BA.5,BF.16
BA.5,BF.17
BA.5,BF.18
BA.5,BF.19
BA.5,BF.2
BA.5,BF.20
BA.5,BF.21
BA.5,BF.22
BA.5,BF.23
BA.5,BF.24
BA.5,BF.25
BA.5,BF.26
BA.5,BF.27
BA.5,BF.28
BA.5,BF.29
BA.5,BF.3
BA.5,BF.3.1
BA.5,BF.30
BA.5,BF.31
BA.5,BF.31.1
BA.5,BF.32
BA.5,BF.33
BA.5,BF.34
BA.5,BF.35
BA.5,BF.36
BA.5,BF.37
BA.5,BF.38
BA.5,BF.38.1
BA.5,BF.38.2
BA.5,BF.38.3
BA.5,BF.39
BA.5,BF.39.1
BA.5,BF.4
BA.5,BF.40
BA.5,BF.41
BA.5,BF.41.1
BA.5,BF.42
BA.5,BF.5
BA.5,BF.5.1
BA.5,BF.5.2
BA.5,BF.5.3
BA.5,BF.5.4
BA.5,BF.5.5
BA.5,BF.6
BA.5,BF.7
BA.5,BF.7.1
BA.5,BF.7.10
BA.5,BF.7.11
BA.5,BF.7.12
BA.5,BF.7.13
BA.5,BF.7.13.1
BA.5,BF.7.13.2
BA.5,BF.7.14
BA.5,BF.7.14.1
BA.5,BF.7.14.2
BA.5,BF.7.14.3
BA.5,BF.7.14.4
BA.5,BF.7.14.5
BA.5,BF.7.14.6
BA.5,BF.7.14.7
BA.5,BF.7.15
BA.5,BF.7.16
BA.5,BF.7.16.1
BA.5,BF.7.17
BA.5,BF.7.18
BA.5,BF.7.19
Other,A
Other,A.1
Other,A.11
Other,A.12
Other,A.15
Other,A.16
Other,A.17
Other,A.18
Other,A.19
Other,A.2
Other,A.2.2
Other,A.2.3
Other,A.2.4
Other,A.2.5
Other,A.2.5.1
Other,A.2.5.2
Other,A.2.5.3
Other,A.21
Other,A.22
Other,A.23
Other,A.23.1
Other,A.24
Other,A.25
Other,A.26
Other,A.27
Other,A.28
Other,A.29
Other,A.3
Other,A.30
Other,A.4
Other,A.5
Other,A.6
Other,A.7
Other,A.9
Other,AA.1
Other,AA.2
Other,AA.3
Other,AA.4
Other,AA.5
Other,AA.6
Other,AA.7
Other,AA.8
Other,AB.1
Other,AC.1
Other,AD.1
Other,AD.2
Other,AD.2.1
Other,AE.1
Other,AE.2
Other,AE.3
Other,AE.4
Other,AE.5
Other,AE.6
Other,AE.7
Other,AE.8
Other,AF.1
Other,AG.1
Other,AH.1
Other,AH.2
Other,AH.3
Other,AJ.1
Other,AK.1
Other,AK.2
Other,AL.1
Other,AM.1
Other,AM.2
Other,AM.3
Other,AM.4
Other,AN.1
Other,AP.1
Other,AQ.1
Other,AQ.2
Other,AS.1
Other,AS.2
Other,AT.1
Other,AU.1
Other,AU.2
Other,AU.3
Other,AV.1
Other,AW.1
B.1.617.2,AY.1
B.1.617.2,AY.10
B.1.617.2,AY.100
B.1.617.2,AY.101
B.1.617.2,AY.102
B.1.617.2,AY.102.1
B.1.617.2,AY.102.2
B.1.617.2,AY.103
B.1.617.2,AY.103.1
B.1.617.2,AY.103.2
B.1.617.2,AY.104
B.1.617.2,AY.105
B.1.617.2,AY.106
B.1.617.2,AY.107
B.1.617.2,AY.108
B.1.617.2,AY.109
B.1.617.2,AY.11
B.1.617.2,AY.110
B.1.617.2,AY.111
B.1.617.2,AY.112
B.1.617.2,AY.112.1
B.1.617.2,AY.112.2
B.1.617.2,AY.112.3
B.1.617.2,AY.113
B.1.617.2,AY.114
B.1.617.2,AY.116
B.1.617.2,AY.116.1
B.1.617.2,AY.117
B.1.617.2,AY.118
B.1.617.2,AY.119
B.1.617.2,AY.119.1
B.1.617.2,AY.119.2
B.1.617.2,AY.120
B.1.617.2,AY.120.1
B.1.617.2,AY.120.2
B.1.617.2,AY.120.2.1
B.1.617.2,AY.121
B.1.617.2,AY.121.1
B.1.617.2,AY.122
B.1.617.2,AY.122.1
B.1.617.2,AY.122.2
B.1.617.2,AY.122.3
B.1.617.2,AY.122.4
B.1.617.2,AY.122.5
B.1.617.2,AY.122.6
B.1.617.2,AY.123
B.1.617.2,AY.123.1
B.1.617.2,AY.124
B.1.617.2,AY.124.1
B.1.617.2,AY.124.1.1
B.1.617.2,AY.125
B.1.617.2,AY.125.1
B.1.617.2,AY.126
B.1.617.2,AY.127
B.1.617.2,AY.127.1
B.1.617.2,AY.127.2
B.1.617.2,AY.127.3
B.1.617.2,AY.128
B.1.617.2,AY.129
B.1.617.2,AY.13
B.1.617.2,AY.130
B.1.617.2,AY.131
B.1.617.2,AY.132
B.1.617.2,AY.133
B.1.617.2,AY.134
B.1.617.2,AY.14
B.1.617.2,AY.15
B.1.617.2,AY.16
B.1.617.2,AY.16.1
B.1.617.2,AY.17
B.1.617.2,AY.18
B.1.617.2,AY.19
B.1.617.2,AY.2
B.1.617.2,AY.20
B.1.617.2,AY.20.1
B.1.617.2,AY.21
B.1.617.2,AY.22
B.1.617.2,AY.23
B.1.617.2,AY.23.1
B.1.617.2,AY.23.2
B.1.617.2,AY.24
B.1.617.2,AY.24.1
B.1.617.2,AY.25
B.1.617.2,AY.25.1
B.1.617.2,AY.25.1.1
B.1.617.2,AY.25.1.2
B.1.617.2,AY.25.2
B.1.617.2,AY.25.3
B.1.617.2,AY.26
B.1.617.2,AY.26.1
B.1.617.2,AY.27
B.1.617.2,AY.28
B.1.617.2,AY.29
B.1.617.2,AY.29.1
B.1.617.2,AY.29.2
B.1.617.2,AY.3
B.1.617.2,AY.3.1
B.1.617.2,AY.3.2
B.1.617.2,AY.3.3
B.1.617.2,AY.3.4
B.1.617.2,AY.30
B.1.617.2,AY.31
B.1.617.2,AY.32
B.1.617.2,AY.33
B.1.617.2,AY.33.1
B.1.617.2,AY.33.2
B.1.617.2,AY.34
B.1.617.2,AY.34.1
B.1.617.2,AY.34.1.1
B.1.617.2,AY.34.2
B.1.617.2,AY.35
B.1.617.2,AY.36
B.1.617.2,AY.36.1
B.1.617.2,AY.37
B.1.617.2,AY.38
B.1.617.2,AY.39
B.1.617.2,AY.39.1
B.1.617.2,AY.39.1.1
B.1.617.2,AY.39.1.2
B.1.617.2,AY.39.1.3
B.1.617.2,AY.39.1.4
B.1.617.2,AY.39.2
B.1.617.2,AY.39.3
B.1.617.2,AY.4
B.1.617.2,AY.4.1
B.1.617.2,AY.4.10
B.1.617.2,AY.4.11
B.1.617.2,AY.4.12
B.1.617.2,AY.4.13
B.1.617.2,AY.4.14
B.1.617.2,AY.4.15
B.1.617.2,AY.4.16
B.1.617.2,AY.4.17
B.1.617.2,AY.4.2
B.1.617.2,AY.4.2.1
B.1.617.2,AY.4.2.2
B.1.617.2,AY.4.2.3
B.1.617.2,AY.4.2.4
B.1.617.2,AY.4.2.5
B.1.617.2,AY.4.3
B.1.617.2,AY.4.4
B.1.617.2,AY.4.5
B.1.617.2,AY.4.6
B.1.617.2,AY.4.7
B.1.617.2,AY.4.8
B.1.617.2,AY.4.9
B.1.617.2,AY.40
B.1.617.2,AY.41
B.1.617.2,AY.42
B.1.617.2,AY.42.1
B.1.617.2,AY.43
B.1.617.2,AY.43.1
B.1.617.2,AY.43.2
B.1.617.2,AY.43.3
B.1.617.2,AY.43.4
B.1.617.2,AY.43.5
B.1.617.2,AY.43.6
B.1.617.2,AY.43.7
B.1.617.2,AY.43.8
B.1.617.2,AY.43.9
B.1.617.2,AY.44
B.1.617.2,AY.45
B.1.617.2,AY.46
B.1.617.2,AY.46.1
B.1.617.2,AY.46.2
B.1.617.2,AY.46.3
B.1.617.2,AY.46.4
B.1.617.2,AY.46.5
B.1.617.2,AY.46.6
B.1.617.2,AY.46.6.1
B.1.617.2,AY.47
B.1.617.2,AY.48
B.1.617.2,AY.49
B.1.617.2,AY.5
B.1.617.2,AY.5.1
B.1.617.2,AY.5.2
B.1.617.2,AY.5.3
B.1.617.2,AY.5.4
B.1.617.2,AY.5.5
B.1.617.2,AY.5.6
B.1.617.2,AY.5.7
B.1.617.2,AY.50
B.1.617.2,AY.51
B.1.617.2,AY.52
B.1.617.2,AY.53
B.1.617.2,AY.54
B.1.617.2,AY.55
B.1.617.2,AY.56
B.1.617.2,AY.57
B.1.617.2,AY.58
B.1.617.2,AY.59
B.1.617.2,AY.6
B.1.617.2,AY.60
B.1.617.2,AY.61
B.1.617.2,AY.62
B.1.617.2,AY.63
B.1.617.2,AY.64
B.1.617.2,AY.65
B.1.617.2,AY.66
B.1.617.2,AY.67
B.1.617.2,AY.68
B.1.617.2,AY.69
B.1.617.2,AY.7
B.1.617.2,AY.7.1
B.1.617.2,AY.7.2
B.1.617.2,AY.70
B.1.617.2,AY.71
B.1.617.2,AY.72
B.1.617.2,AY.73
B.1.617.2,AY.74
B.1.617.2,AY.75
B.1.617.2,AY.75.2
B.1.617.2,AY.75.3
B.1.617.2,AY.76
B.1.617.2,AY.77
B.1.617.2,AY.78
B.1.617.2,AY.79
B.1.617.2,AY.8
B.1.617.2,AY.80
B.1.617.2,AY.81
B.1.617.2,AY.82
B.1.617.2,AY.83
B.1.617.2,AY.84
B.1.617.2,AY.85
B.1.617.2,AY.86
B.1.617.2,AY.87
B.1.617.2,AY.88
B.1.617.2,AY.9
B.1.617.2,AY.9.2
B.1.617.2,AY.9.2.1
B.1.617.2,AY.9.2.2
B.1.617.2,AY.90
B.1.617.2,AY.91
B.1.617.2,AY.91.1
B.1.617.2,AY.92
B.1.617.2,AY.93
B.1.617.2,AY.94
B.1.617.2,AY.95
B.1.617.2,AY.98
B.1.617.2,AY.98.1
B.1.617.2,AY.98.1.1
B.1.617.2,AY.99
B.1.617.2,AY.99.1
B.1.617.2,AY.99.2
Other,AZ.1
Other,AZ.2
Other,AZ.2.1
Other,AZ.3
Other,AZ.4
Other,AZ.5
Other,AZ.6
Other,B
Other,B.1
Other,B.1.1
Other,B.1.1.1
Other,B.1.1.10
Other,B.1.1.100
Other,B.1.1.101
Other,B.1.1.107
Other,B.1.1.109
Other,B.1.1.110
Other,B.1.1.111
Other,B.1.1.112
Other,B.1.1.113
Other,B.1.1.114
Other,B.1.1.115
Other,B.1.1.116
Other,B.1.1.117
Other,B.1.1.118
Other,B.1.1.119
Other,B.1.1.12
Other,B.1.1.120
Other,B.1.1.121
Other,B.1.1.122
Other,B.1.1.123
Other,B.1.1.125
Other,B.1.1.127
Other,B.1.1.128
Other,B.1.1.129
Other,B.1.1.13
Other,B.1.1.130
Other,B.1.1.132
Other,B.1.1.133
Other,B.1.1.134
Other,B.1.1.135
Other,B.1.1.136
Other,B.1.1.137
Other,B.1.1.138
Other,B.1.1.139
Other,B.1.1.14
Other,B.1.1.141
Other,B.1.1.142
Other,B.1.1.144
Other,B.1.1.145
Other,B.1.1.147
Other,B.1.1.148
Other,B.1.1.149
Other,B.1.1.15
Other,B.1.1.152
Other,B.1.1.153
Other,B.1.1.154
Other,B.1.1.155
Other,B.1.1.157
Other,B.1.1.158
Other,B.1.1.159
Other,B.1.1.16
Other,B.1.1.160
Other,B.1.1.161
Other,B.1.1.162
Other,B.1.1.163
Other,B.1.1.164
Other,B.1.1.165
Other,B.1.1.166
Other,B.1.1.168
Other,B.1.1.169
Other,B.1.1.17
Other,B.1.1.170
Other,B.1.1.171
Other,B.1.1.172
Other,B.1.1.174
Other,B.1.1.175
Other,B.1.1.176
Other,B.1.1.177
Other,B.1.1.178
Other,B.1.1.180
Other,B.1.1.181
Other,B.1.1.182
Other,B.1.1.184
Other,B.1.1.185
Other,B.1.1.186
Other,B.1.1.187
Other,B.1.1.189
Other,B.1.1.190
Other,B.1.1.191
Other,B.1.1.192
Other,B.1.1.193
Other,B.1.1.194
Other,B.1.1.196
Other,B.1.1.197
Other,B.1.1.198
Other,B.1.1.200
Other,B.1.1.201
Other,B.1.1.202
Other,B.1.1.203
Other,B.1.1.204
Other,B.1.1.205
Other,B.1.1.207
Other,B.1.1.208
Other,B.1.1.209
Other,B.1.1.210
Other,B.1.1.213
Other,B.1.1.214
Other,B.1.1.216
Other,B.1.1.217
Other,B.1.1.218
Other,B.1.1.219
Other,B.1.1.220
Other,B.1.1.221
Other,B.1.1.222
Other,B.1.1.224
Other,B.1.1.225
Other,B.1.1.226
Other,B.1.1.227
Other,B.1.1.228
Other,B.1.1.229
Other,B.1.1.230
Other,B.1.1.231
Other,B.1.1.232
Other,B.1.1.234
Other,B.1.1.236
Other,B.1.1.237
Other,B.1.1.239
Other,B.1.1.240
Other,B.1.1.241
Other,B.1.1.242
Other,B.1.1.243
Other,B.1.1.244
Other,B.1.1.249
Other,B.1.1.25
Other,B.1.1.251
Other,B.1.1.253
Other,B.1.1.254
Other,B.1.1.255
Other,B.1.1.256
Other,B.1.1.257
Other,B.1.1.258
Other,B.1.1.26
Other,B.1.1.261
Other,B.1.1.262
Other,B.1.1.263
Other,B.1.1.265
Other,B.1.1.266
Other,B.1.1.267
Other,B.1.1.268
Other,B.1.1.269
Other,B.1.1.27
Other,B.1.1.270
Other,B.1.1.271
Other,B.1.1.272
Other,B.1.1.273
Other,B.1.1.274
Other,B.1.1.275
Other,B.1.1.277
Other,B.1.1.279
Other,B.1.1.28
Other,B.1.1.280
Other,B.1.1.282
Other,B.1.1.283
Other,B.1.1.284
Other,B.1.1.285
Other,B.1.1.286
Other,B.1.1.288
Other,B.1.1.289
Other,B.1.1.29
Other,B.1.1.290
Other,B.1.1.291
Other,B.1.1.294
Other,B.1.1.296
Other,B.1.1.297
Other,B.1.1.298
Other,B.1.1.299
Other,B.1.1.3
Other,B.1.1.30
Other,B.1.1.300
Other,B.1.1.301
Other,B.1.1.302
Other,B.1.1.303
Other,B.1.1.304
Other,B.1.1.305
Other,B.1.1.306
Other,B.1.1.307
Other,B.1.1.308
Other,B.1.1.309
Other,B.1.1.31
Other,B.1.1.310
Other,B.1.1.311
Other,B.1.1.312
Other,B.1.1.315
Other,B.1.1.316
Other,B.1.1.317
Other,B.1.1.318
Other,B.1.1.319
Other,B.1.1.320
Other,B.1.1.322
Other,B.1.1.323
Other,B.1.1.324
Other,B.1.1.325
Other,B.1.1.326
Other,B.1.1.327
Other,B.1.1.328
Other,B.1.1.329
Other,B.1.1.33
Other,B.1.1.330
Other,B.1.1.331
Other,B.1.1.332
Other,B.1.1.333
Other,B.1.1.334
Other,B.1.1.335
Other,B.1.1.336
Other,B.1.1.337
Other,B.1.1.338
Other,B.1.1.339
Other,B.1.1.34
Other,B.1.1.340
Other,B.1.1.341
Other,B.1.1.342
Other,B.1.1.343
Other,B.1.1.344
Other,B.1.1.345
Other,B.1.1.346
Other,B.1.1.347
Other,B.1.1.348
Other,B.1.1.349
Other,B.1.1.350
Other,B.1.1.351
Other,B.1.1.352
Other,B.1.1.353
Other,B.1.1.354
Other,B.1.1.355
Other,B.1.1.356
Other,B.1.1.357
Other,B.1.1.358
Other,B.1.1.359
Other,B.1.1.360
Other,B.1.1.361
Other,B.1.1.362
Other,B.1.1.363
Other,B.1.1.364
Other,B.1.1.365
Other,B.1.1.366
Other,B.1.1.367
Other,B.1.1.368
Other,B.1.1.369
Other,B.1.1.37
Other,B.1.1.370
Other,B.1.1.371
Other,B.1.1.372
Other,B.1.1.373
Other,B.1.1.374
Other,B.1.1.375
Other,B.1.1.376
Other,B.1.1.377
Other,B.1.1.378
Other,B.1.1.379
Other,B.1.1.38
Other,B.1.1.380
Other,B.1.1.381
Other,B.1.1.382
Other,B.1.1.383
Other,B.1.1.384
Other,B.1.1.385
Other,B.1.1.386
Other,B.1.1.387
Other,B.1.1.388
Other,B.1.1.389
Other,B.1.1.39
Other,B.1.1.391
Other,B.1.1.392
Other,B.1.1.393
Other,B.1.1.394
Other,B.1.1.395
Other,B.1.1.396
Other,B.1.1.397
Other,B.1.1.398
Other,B.1.1.399
Other,B.1.1.4
Other,B.1.1.40
Other,B.1.1.400
Other,B.1.1.401
Other,B.1.1.402
Other,B.1.1.403
Other,B.1.1.404
Other,B.1.1.405
Other,B.1.1.406
Other,B.1.1.407
Other,B.1.1.408
Other,B.1.1.409
Other,B.1.1.41
Other,B.1.1.410
Other,B.1.1.411
Other,B.1.1.412
Other,B.1.1.413
Other,B.1.1.414
Other,B.1.1.415
Other,B.1.1.416
Other,B.1.1.417
Other,B.1.1.418
Other,B.1.1.419
Other,B.1.1.420
Other,B.1.1.421
Other,B.1.1.422
Other,B.1.1.423
Other,B.1.1.424
Other,B.1.1.425
Other,B.1.1.426
Other,B.1.1.427
Other,B.1.1.428
Other,B.1.1.429
Other,B.1.1.43
Other,B.1.1.430
Other,B.1.1.431
Other,B.1.1.432
Other,B.1.1.433
Other,B.1.1.434
Other,B.1.1.435
Other,B.1.1.436
Other,B.1.1.437
Other,B.1.1.438
Other,B.1.1.44
Other,B.1.1.440
Other,B.1.1.441
Other,B.1.1.442
Other,B.1.1.444
Other,B.1.1.445
Other,B.1.1.446
Other,B.1.1.447
Other,B.1.1.448
Other,B.1.1.449
Other,B.1.1.45
Other,B.1.1.450
Other,B.1.1.451
Other,B.1.1.452
Other,B.1.1.453
Other,B.1.1.456
Other,B.1.1.458
Other,B.1.1.459
Other,B.1.1.46
Other,B.1.1.461
Other,B.1.1.462
Other,B.1.1.463
Other,B.1.1.464
Other,B.1.1.465
Other,B.1.1.466
Other,B.1.1.467
Other,B.1.1.47
Other,B.1.1.48
Other,B.1.1.480
Other,B.1.1.481
Other,B.1.1.482
Other,B.1.1.483
Other,B.1.1.484
Other,B.1.1.485
Other,B.1.1.486
Other,B.1.1.487
Other,B.1.1.49
Other,B.1.1.5
Other,B.1.1.50
Other,B.1.1.500
Other,B.1.1.506
Other,B.1.1.507
Other,B.1.1.51
Other,B.1.1.512
Other,B.1.1.513
Other,B.1.1.514
Other,B.1.1.515
Other,B.1.1.516
Other,B.1.1.517
Other,B.1.1.518
Other,B.1.1.519
Other,B.1.1.52
Other,B.1.1.521
Other,B.1.1.522
Other,B.1.1.523
Other,B.1.1.524
Other,B.1.1.525
Other,B.1.1.526
Other,B.1.1.528
BA.1,B.1.1.529
Other,B.1.1.53
Other,B.1.1.54
Other,B.1.1.55
Other,B.1.1.56
Other,B.1.1.57
Other,B.1.1.58
Other,B.1.1.59
Other,B.1.1.61
Other,B.1.1.62
Other,B.1.1.63
Other,B.1.1.67
B.1.1.7,B.1.1.7
Other,B.1.1.70
Other,B.1.1.71
Other,B.1.1.72
Other,B.1.1.74
Other,B.1.1.75
Other,B.1.1.77
Other,B.1.1.8
Other,B.1.1.82
Other,B.1.1.83
Other,B.1.1.84
Other,B.1.1.86
Other,B.1.1.87
Other,B.1.1.88
Other,B.1.1.89
Other,B.1.1.90
Other,B.1.1.91
Other,B.1.1.92
Other,B.1.1.93
Other,B.1.1.95
Other,B.1.1.97
Other,B.1.1.98
Other,B.1.1.99
Other,B.1.103
Other,B.1.104
Other,B.1.105
Other,B.1.106
Other,B.1.108
Other,B.1.110
Other,B.1.110.1
Other,B.1.110.2
Other,B.1.110.3
Other,B.1.111
Other,B.1.112
Other,B.1.113
Other,B.1.115
Other,B.1.116
Other,B.1.117
Other,B.1.118
Other,B.1.119
Other,B.1.12
Other,B.1.120
Other,B.1.124
Other,B.1.126
Other,B.1.127
Other,B.1.128
Other,B.1.13
Other,B.1.131
Other,B.1.134
Other,B.1.137
Other,B.1.139
Other,B.1.14
Other,B.1.140
Other,B.1.142
Other,B.1.143
Other,B.1.145
Other,B.1.146
Other,B.1.147
Other,B.1.149
Other,B.1.151
Other,B.1.153
Other,B.1.157
Other,B.1.158
Other,B.1.159
Other,B.1.160
Other,B.1.160.10
Other,B.1.160.11
Other,B.1.160.12
Other,B.1.160.13
Other,B.1.160.14
Other,B.1.160.15
Other,B.1.160.16
Other,B.1.160.17
Other,B.1.160.18
Other,B.1.160.19
Other,B.1.160.20
Other,B.1.160.21
Other,B.1.160.22
Other,B.1.160.23
Other,B.1.160.24
Other,B.1.160.25
Other,B.1.160.26
Other,B.1.160.27
Other,B.1.160.28
Other,B.1.160.29
Other,B.1.160.30
Other,B.1.160.31
Other,B.1.160.32
Other,B.1.160.33
Other,B.1.160.7
Other,B.1.160.8
Other,B.1.160.9
Other,B.1.161
Other,B.1.162
Other,B.1.163
Other,B.1.164
Other,B.1.165
Other,B.1.166
Other,B.1.167
Other,B.1.168
Other,B.1.169
Other,B.1.170
Other,B.1.173
Other,B.1.177
Other,B.1.177.10
Other,B.1.177.11
Other,B.1.177.12
Other,B.1.177.14
Other,B.1.177.15
Other,B.1.177.16
Other,B.1.177.17
Other,B.1.177.18
Other,B.1.177.19
Other,B.1.177.2
Other,B.1.177.20
Other,B.1.177.21
Other,B.1.177.23
Other,B.1.177.24
Other,B.1.177.25
Other,B.1.177.26
Other,B.1.177.27
Other,B.1.177.28
Other,B.1.177.29
Other,B.1.177.3
Other,B.1.177.30
Other,B.1.177.31
Other,B.1.177.32
Other,B.1.177.33
Other,B.1.177.34
Other,B.1.177.35
Other,B.1.177.36
Other,B.1.177.37
Other,B.1.177.38
Other,B.1.177.39
Other,B.1.177.4
Other,B.1.177.40
Other,B.1.177.41
Other,B.1.177.42
Other,B.1.177.43
Other,B.1.177.44
Other,B.1.177.45
Other,B.1.177.46
Other,B.1.177.47
Other,B.1.177.48
Other,B.1.177.49
Other,B.1.177.5
Other,B.1.177.50
Other,B.1.177.51
Other,B.1.177.52
Other,B.1.177.53
Other,B.1.177.54
Other,B.1.177.55
Other,B.1.177.56
Other,B.1.177.57
Other,B.1.177.58
Other,B.1.177.59
Other,B.1.177.6
Other,B.1.177.60
Other,B.1.177.61
Other,B.1.177.62
Other,B.1.177.63
Other,B.1.177.64
Other,B.1.177.65
Other,B.1.177.66
Other,B.1.177.67
Other,B.1.177.68
Other,B.1.177.69
Other,B.1.177.7
Other,B.1.177.70
Other,B.1.177.71
Other,B.1.177.72
Other,B.1.177.73
Other,B.1.177.74
Other,B.1.177.75
Other,B.1.177.76
Other,B.1.177.77
Other,B.1.177.78
Other,B.1.177.8
Other,B.1.177.80
Other,B.1.177.81
Other,B.1.177.82
Other,B.1.177.83
Other,B.1.177.84
Other,B.1.177.85
Other,B.1.177.86
Other,B.1.177.87
Other,B.1.177.88
Other,B.1.177.89
Other,B.1.177.9
Other,B.1.178
Other,B.1.179
Other,B.1.180
Other,B.1.181
Other,B.1.182
Other,B.1.184
Other,B.1.187
Other,B.1.188
Other,B.1.189
Other,B.1.190
Other,B.1.192
Other,B.1.194
Other,B.1.195
Other,B.1.198
Other,B.1.199
Other,B.1.2
Other,B.1.201
Other,B.1.203
Other,B.1.205
Other,B.1.206
Other,B.1.208
Other,B.1.210
Other,B.1.211
Other,B.1.212
Other,B.1.213
Other,B.1.214
Other,B.1.214.1
Other,B.1.214.2
Other,B.1.214.3
Other,B.1.214.4
Other,B.1.215
Other,B.1.218
Other,B.1.219
Other,B.1.22
Other,B.1.22.1
Other,B.1.220
Other,B.1.221
Other,B.1.221.1
Other,B.1.221.2
Other,B.1.221.3
Other,B.1.221.4
Other,B.1.222
Other,B.1.223
Other,B.1.224
Other,B.1.225
Other,B.1.227
Other,B.1.229
Other,B.1.23
Other,B.1.231
Other,B.1.232
Other,B.1.233
Other,B.1.234
Other,B.1.235
Other,B.1.236
Other,B.1.237
Other,B.1.238
Other,B.1.239
Other,B.1.240
Other,B.1.240.1
Other,B.1.240.2
Other,B.1.241
Other,B.1.242
Other,B.1.243
Other,B.1.243.1
Other,B.1.243.2
Other,B.1.245
